algName,netName,clusteringName,numberOfRealThreads,convergence,broadcasting,elapsedTime,shd,dfMM_avg,dfMM_plus,dfMM_minus,iterations,bdeu
cges,andes,HierarchicalClustering,1,c2,ALL_BROADCASTING,14.016,149.0,322.0,0.0,0.0,4.0,-472072.8423489266
cges,andes,HierarchicalClustering,1,c2,ALL_BROADCASTING,11.691,150.0,326.0,0.0,0.0,4.0,-472011.273898296
cges,andes,HierarchicalClustering,1,c2,ALL_BROADCASTING,12.2,136.0,294.0,0.0,0.0,5.0,-471837.0452900992
cges,andes,HierarchicalClustering,1,c2,ALL_BROADCASTING,14.625,156.0,336.0,10.0,10.0,4.0,-470899.40258606017
cges,andes,HierarchicalClustering,1,c2,ALL_BROADCASTING,11.183,150.0,322.0,10.0,10.0,4.0,-470960.83885581646
cges,andes,HierarchicalClustering,1,c2,ALL_BROADCASTING,11.989,142.0,306.0,6.0,6.0,4.0,-471612.2675430423
cges,andes,HierarchicalClustering,1,c2,ALL_BROADCASTING,11.375,142.0,306.0,6.0,6.0,3.0,-471052.5375326059
cges,andes,HierarchicalClustering,1,c2,ALL_BROADCASTING,11.984,158.0,340.0,8.0,8.0,4.0,-471644.9594460438
cges,andes,HierarchicalClustering,1,c2,ALL_BROADCASTING,10.646,160.0,346.0,6.0,6.0,3.0,-472320.787106387
cges,andes,HierarchicalClustering,1,c2,ALL_BROADCASTING,11.778,150.0,324.0,4.0,4.0,4.0,-471748.059790936
cges,andes,HierarchicalClustering,1,c2,ALL_BROADCASTING,11.318,164.0,354.0,10.0,10.0,4.0,-471665.8136932168
cges,andes,HierarchicalClustering,1,c2,ALL_BROADCASTING,23.488,34.0,68.0,10.0,10.0,4.0,-5126184.995006869
cges,andes,HierarchicalClustering,1,c2,NO_BROADCASTING,11.196,149.0,322.0,0.0,0.0,4.0,-472072.8423489266
cges,andes,HierarchicalClustering,1,c2,NO_BROADCASTING,10.786,150.0,326.0,0.0,0.0,4.0,-472011.273898296
cges,andes,HierarchicalClustering,1,c2,NO_BROADCASTING,12.324,136.0,294.0,0.0,0.0,5.0,-471837.0452900992
cges,andes,HierarchicalClustering,1,c2,NO_BROADCASTING,11.792,156.0,336.0,10.0,10.0,4.0,-470899.40258606017
cges,andes,HierarchicalClustering,1,c2,NO_BROADCASTING,14.723,150.0,322.0,10.0,10.0,4.0,-470960.83885581646
cges,andes,HierarchicalClustering,1,c2,NO_BROADCASTING,11.988,142.0,306.0,6.0,6.0,4.0,-471612.2675430423
cges,andes,HierarchicalClustering,1,c2,NO_BROADCASTING,11.059,142.0,306.0,6.0,6.0,3.0,-471052.5375326059
cges,andes,HierarchicalClustering,1,c2,NO_BROADCASTING,11.375,158.0,340.0,8.0,8.0,4.0,-471644.9594460438
cges,andes,HierarchicalClustering,1,c2,NO_BROADCASTING,11.208,160.0,346.0,6.0,6.0,3.0,-472320.787106387
cges,andes,HierarchicalClustering,1,c2,NO_BROADCASTING,10.793,150.0,324.0,4.0,4.0,4.0,-471748.059790936
cges,andes,HierarchicalClustering,1,c2,NO_BROADCASTING,11.426,164.0,354.0,10.0,10.0,4.0,-471665.8136932168
cges,andes,HierarchicalClustering,1,c2,NO_BROADCASTING,23.314,34.0,68.0,10.0,10.0,4.0,-5126184.995006869
cges,andes,HierarchicalClustering,1,c2,PAIR_BROADCASTING,11.178,149.0,322.0,0.0,0.0,4.0,-472072.8423489266
cges,andes,HierarchicalClustering,1,c2,PAIR_BROADCASTING,11.085,150.0,326.0,0.0,0.0,4.0,-472011.273898296
cges,andes,HierarchicalClustering,1,c2,PAIR_BROADCASTING,11.73,136.0,294.0,0.0,0.0,4.0,-471837.0452900992
cges,andes,HierarchicalClustering,1,c2,PAIR_BROADCASTING,11.279,156.0,336.0,10.0,10.0,4.0,-470899.4025860602
cges,andes,HierarchicalClustering,1,c2,PAIR_BROADCASTING,11.85,150.0,322.0,10.0,10.0,4.0,-470960.83885581646
cges,andes,HierarchicalClustering,1,c2,PAIR_BROADCASTING,11.707,142.0,306.0,6.0,6.0,4.0,-471612.2675430423
cges,andes,HierarchicalClustering,1,c2,PAIR_BROADCASTING,11.154,142.0,306.0,6.0,6.0,3.0,-471052.5375326059
cges,andes,HierarchicalClustering,1,c2,PAIR_BROADCASTING,11.242,158.0,340.0,8.0,8.0,4.0,-471644.9594460438
cges,andes,HierarchicalClustering,1,c2,PAIR_BROADCASTING,10.399,160.0,346.0,6.0,6.0,3.0,-472320.787106387
cges,andes,HierarchicalClustering,1,c2,PAIR_BROADCASTING,10.776,150.0,324.0,4.0,4.0,4.0,-471748.059790936
cges,andes,HierarchicalClustering,1,c2,PAIR_BROADCASTING,10.966,164.0,354.0,10.0,10.0,4.0,-471665.8136932168
cges,andes,HierarchicalClustering,1,c2,PAIR_BROADCASTING,23.411,34.0,68.0,10.0,10.0,4.0,-5126184.995006869
cges,andes,HierarchicalClustering,2,c2,ALL_BROADCASTING,7.343,163.0,350.0,14.0,14.0,5.0,-472193.0139388875
cges,andes,HierarchicalClustering,2,c2,ALL_BROADCASTING,7.958,199.0,432.0,62.0,62.0,5.0,-473076.4152112364
cges,andes,HierarchicalClustering,2,c2,ALL_BROADCASTING,9.055,150.0,326.0,22.0,22.0,8.0,-472017.4152006839
cges,andes,HierarchicalClustering,2,c2,ALL_BROADCASTING,8.272,166.0,368.0,40.0,40.0,6.0,-471062.8548693815
cges,andes,HierarchicalClustering,2,c2,ALL_BROADCASTING,7.467,158.0,338.0,16.0,16.0,5.0,-471159.14802795294
cges,andes,HierarchicalClustering,2,c2,ALL_BROADCASTING,8.249,142.0,306.0,6.0,6.0,6.0,-471649.5212536675
cges,andes,HierarchicalClustering,2,c2,ALL_BROADCASTING,8.829,183.0,406.0,90.0,90.0,6.0,-471929.5704682026
cges,andes,HierarchicalClustering,2,c2,ALL_BROADCASTING,9.522,198.0,432.0,78.0,78.0,6.0,-472558.4033300515
cges,andes,HierarchicalClustering,2,c2,ALL_BROADCASTING,8.851,160.0,346.0,6.0,6.0,6.0,-472344.4514216369
cges,andes,HierarchicalClustering,2,c2,ALL_BROADCASTING,9.082,153.0,330.0,10.0,10.0,7.0,-471837.2882756361
cges,andes,HierarchicalClustering,2,c2,ALL_BROADCASTING,7.516,164.0,354.0,10.0,10.0,5.0,-471715.2116713044
cges,andes,HierarchicalClustering,2,c2,ALL_BROADCASTING,20.727,42.0,84.0,18.0,18.0,7.0,-5126311.638530005
cges,andes,HierarchicalClustering,2,c2,NO_BROADCASTING,7.859,163.0,350.0,14.0,14.0,7.0,-472182.40458261856
cges,andes,HierarchicalClustering,2,c2,NO_BROADCASTING,6.97,164.0,354.0,28.0,28.0,6.0,-472289.7296593108
cges,andes,HierarchicalClustering,2,c2,NO_BROADCASTING,8.624,150.0,326.0,22.0,22.0,8.0,-472017.4152006839
cges,andes,HierarchicalClustering,2,c2,NO_BROADCASTING,7.943,166.0,368.0,40.0,40.0,6.0,-471062.8548693815
cges,andes,HierarchicalClustering,2,c2,NO_BROADCASTING,7.689,152.0,328.0,16.0,16.0,8.0,-471030.75603848894
cges,andes,HierarchicalClustering,2,c2,NO_BROADCASTING,7.287,142.0,306.0,6.0,6.0,6.0,-471649.5212536675
cges,andes,HierarchicalClustering,2,c2,NO_BROADCASTING,7.542,172.0,372.0,40.0,40.0,5.0,-472695.34178907576
cges,andes,HierarchicalClustering,2,c2,NO_BROADCASTING,8.107,175.0,374.0,30.0,30.0,7.0,-472149.501793212
cges,andes,HierarchicalClustering,2,c2,NO_BROADCASTING,6.679,160.0,346.0,6.0,6.0,5.0,-472344.4514216369
cges,andes,HierarchicalClustering,2,c2,NO_BROADCASTING,8.144,153.0,330.0,10.0,10.0,7.0,-471837.2882756361
cges,andes,HierarchicalClustering,2,c2,NO_BROADCASTING,8.705,164.0,354.0,10.0,10.0,5.0,-471715.2116713044
cges,andes,HierarchicalClustering,2,c2,NO_BROADCASTING,20.44,42.0,84.0,18.0,18.0,7.0,-5126311.638530005
cges,andes,HierarchicalClustering,2,c2,PAIR_BROADCASTING,6.975,246.0,522.0,94.0,94.0,4.0,-473651.6711626608
cges,andes,HierarchicalClustering,2,c2,PAIR_BROADCASTING,7.47,213.0,458.0,48.0,48.0,4.0,-473497.367719649
cges,andes,HierarchicalClustering,2,c2,PAIR_BROADCASTING,8.944,223.0,524.0,176.0,176.0,5.0,-474607.6909364218
cges,andes,HierarchicalClustering,2,c2,PAIR_BROADCASTING,8.143,167.0,360.0,32.0,32.0,7.0,-471120.9207607958
cges,andes,HierarchicalClustering,2,c2,PAIR_BROADCASTING,7.417,152.0,326.0,14.0,14.0,6.0,-471044.5395401737
cges,andes,HierarchicalClustering,2,c2,PAIR_BROADCASTING,8.151,148.0,320.0,12.0,12.0,7.0,-471871.7335928835
cges,andes,HierarchicalClustering,2,c2,PAIR_BROADCASTING,11.794,201.0,462.0,136.0,136.0,11.0,-472449.2061265302
cges,andes,HierarchicalClustering,2,c2,PAIR_BROADCASTING,8.198,270.0,582.0,130.0,130.0,4.0,-475195.3925300189
cges,andes,HierarchicalClustering,2,c2,PAIR_BROADCASTING,6.823,161.0,350.0,10.0,10.0,5.0,-472423.4253870968
cges,andes,HierarchicalClustering,2,c2,PAIR_BROADCASTING,8.732,167.0,372.0,42.0,42.0,8.0,-472505.4138264875
cges,andes,HierarchicalClustering,2,c2,PAIR_BROADCASTING,8.637,268.0,592.0,130.0,130.0,4.0,-474731.76677369815
cges,andes,HierarchicalClustering,2,c2,PAIR_BROADCASTING,22.13,250.0,590.0,204.0,204.0,4.0,-5153735.469027237
cges,andes,HierarchicalClustering,4,c2,ALL_BROADCASTING,12.637,180.0,392.0,48.0,48.0,14.0,-472932.90499656537
cges,andes,HierarchicalClustering,4,c2,ALL_BROADCASTING,9.446,180.0,390.0,58.0,58.0,9.0,-472857.0930775133
cges,andes,HierarchicalClustering,4,c2,ALL_BROADCASTING,14.025,171.0,368.0,18.0,18.0,14.0,-473158.5867368952
cges,andes,HierarchicalClustering,4,c2,ALL_BROADCASTING,12.156,169.0,370.0,32.0,32.0,12.0,-471248.9844409154
cges,andes,HierarchicalClustering,4,c2,ALL_BROADCASTING,7.829,241.0,556.0,152.0,152.0,7.0,-473460.8057889922
cges,andes,HierarchicalClustering,4,c2,ALL_BROADCASTING,13.625,159.0,342.0,28.0,28.0,13.0,-474125.90719528426
cges,andes,HierarchicalClustering,4,c2,ALL_BROADCASTING,13.005,170.0,388.0,82.0,82.0,15.0,-471882.3902410168
cges,andes,HierarchicalClustering,4,c2,ALL_BROADCASTING,8.5,257.0,628.0,240.0,240.0,7.0,-474777.1688647962
cges,andes,HierarchicalClustering,4,c2,ALL_BROADCASTING,11.25,209.0,446.0,46.0,46.0,10.0,-474035.0816719822
cges,andes,HierarchicalClustering,4,c2,ALL_BROADCASTING,10.787,161.0,346.0,18.0,18.0,13.0,-472248.92801420833
cges,andes,HierarchicalClustering,4,c2,ALL_BROADCASTING,13.169,171.0,370.0,28.0,28.0,11.0,-472192.25974001695
cges,andes,HierarchicalClustering,4,c2,ALL_BROADCASTING,25.287,328.0,936.0,606.0,606.0,7.0,-5169841.371319356
cges,andes,HierarchicalClustering,4,c2,NO_BROADCASTING,7.801,174.0,374.0,28.0,28.0,12.0,-472303.53590765386
cges,andes,HierarchicalClustering,4,c2,NO_BROADCASTING,7.246,153.0,332.0,6.0,6.0,10.0,-472123.53621596174
cges,andes,HierarchicalClustering,4,c2,NO_BROADCASTING,6.821,149.0,322.0,4.0,4.0,8.0,-472064.64623823593
cges,andes,HierarchicalClustering,4,c2,NO_BROADCASTING,7.98,159.0,344.0,14.0,14.0,10.0,-471097.7762348505
cges,andes,HierarchicalClustering,4,c2,NO_BROADCASTING,6.386,170.0,368.0,48.0,48.0,8.0,-471193.8857998328
cges,andes,HierarchicalClustering,4,c2,NO_BROADCASTING,8.685,154.0,330.0,20.0,20.0,12.0,-471721.8613723275
cges,andes,HierarchicalClustering,4,c2,NO_BROADCASTING,7.768,145.0,314.0,14.0,14.0,10.0,-471313.44101688405
cges,andes,HierarchicalClustering,4,c2,NO_BROADCASTING,7.904,180.0,398.0,58.0,58.0,10.0,-472095.5687966837
cges,andes,HierarchicalClustering,4,c2,NO_BROADCASTING,7.304,166.0,360.0,12.0,12.0,9.0,-472587.6233006542
cges,andes,HierarchicalClustering,4,c2,NO_BROADCASTING,6.157,159.0,342.0,16.0,16.0,7.0,-471819.26560029073
cges,andes,HierarchicalClustering,4,c2,NO_BROADCASTING,8.124,172.0,376.0,32.0,32.0,11.0,-471985.8572643096
cges,andes,HierarchicalClustering,4,c2,NO_BROADCASTING,21.852,225.0,704.0,600.0,600.0,7.0,-5138291.255824916
cges,andes,HierarchicalClustering,4,c2,PAIR_BROADCASTING,8.684,256.0,594.0,160.0,160.0,6.0,-475896.8199050016
cges,andes,HierarchicalClustering,4,c2,PAIR_BROADCASTING,16.598,230.0,496.0,42.0,42.0,12.0,-476985.54525873857
cges,andes,HierarchicalClustering,4,c2,PAIR_BROADCASTING,19.252,177.0,384.0,38.0,38.0,22.0,-473966.72162432986
cges,andes,HierarchicalClustering,4,c2,PAIR_BROADCASTING,16.576,225.0,502.0,116.0,116.0,10.0,-473758.2933435627
cges,andes,HierarchicalClustering,4,c2,PAIR_BROADCASTING,10.795,273.0,720.0,356.0,356.0,7.0,-475030.8595309159
cges,andes,HierarchicalClustering,4,c2,PAIR_BROADCASTING,9.765,281.0,680.0,336.0,336.0,7.0,-475648.2138968007
cges,andes,HierarchicalClustering,4,c2,PAIR_BROADCASTING,11.006,302.0,832.0,472.0,472.0,7.0,-475869.89774988405
cges,andes,HierarchicalClustering,4,c2,PAIR_BROADCASTING,9.366,247.0,574.0,152.0,152.0,7.0,-475194.6706902077
cges,andes,HierarchicalClustering,4,c2,PAIR_BROADCASTING,10.694,251.0,638.0,286.0,286.0,8.0,-475549.78778162017
cges,andes,HierarchicalClustering,4,c2,PAIR_BROADCASTING,32.071,181.0,404.0,62.0,62.0,20.0,-474168.83474352735
cges,andes,HierarchicalClustering,4,c2,PAIR_BROADCASTING,16.046,199.0,450.0,88.0,88.0,12.0,-473557.40430185455
cges,andes,HierarchicalClustering,4,c2,PAIR_BROADCASTING,28.044,336.0,1072.0,770.0,770.0,7.0,-5151482.497034575
cges,andes,HierarchicalClustering,8,c2,ALL_BROADCASTING,24.386,245.0,526.0,62.0,62.0,15.0,-474284.6484193024
cges,andes,HierarchicalClustering,8,c2,ALL_BROADCASTING,10.508,232.0,540.0,164.0,164.0,9.0,-474844.56199268176
cges,andes,HierarchicalClustering,8,c2,ALL_BROADCASTING,9.94,256.0,584.0,250.0,250.0,7.0,-477761.4998466167
cges,andes,HierarchicalClustering,8,c2,ALL_BROADCASTING,24.583,184.0,404.0,46.0,46.0,21.0,-472188.8690430014
cges,andes,HierarchicalClustering,8,c2,ALL_BROADCASTING,17.799,171.0,376.0,54.0,54.0,17.0,-472085.3264764615
cges,andes,HierarchicalClustering,8,c2,ALL_BROADCASTING,16.142,153.0,340.0,30.0,30.0,13.0,-471917.7670319943
cges,andes,HierarchicalClustering,8,c2,ALL_BROADCASTING,12.653,177.0,378.0,54.0,54.0,11.0,-471762.70511614106
cges,andes,HierarchicalClustering,8,c2,ALL_BROADCASTING,18.107,191.0,408.0,76.0,76.0,15.0,-472872.25918355415
cges,andes,HierarchicalClustering,8,c2,ALL_BROADCASTING,16.349,239.0,524.0,130.0,130.0,10.0,-474789.99718788895
cges,andes,HierarchicalClustering,8,c2,ALL_BROADCASTING,8.926,296.0,638.0,172.0,172.0,7.0,-476198.9234095464
cges,andes,HierarchicalClustering,8,c2,ALL_BROADCASTING,11.087,258.0,566.0,108.0,108.0,9.0,-476161.6128065773
cges,andes,HierarchicalClustering,8,c2,ALL_BROADCASTING,22.046,293.0,638.0,246.0,246.0,7.0,-5177385.126212496
cges,andes,HierarchicalClustering,8,c2,NO_BROADCASTING,12.084,181.0,402.0,62.0,62.0,18.0,-472487.8506219526
cges,andes,HierarchicalClustering,8,c2,NO_BROADCASTING,12.542,169.0,372.0,42.0,42.0,18.0,-472850.19147571496
cges,andes,HierarchicalClustering,8,c2,NO_BROADCASTING,10.386,136.0,294.0,0.0,0.0,17.0,-471898.35686223255
cges,andes,HierarchicalClustering,8,c2,NO_BROADCASTING,8.304,160.0,344.0,18.0,18.0,13.0,-470984.8189851061
cges,andes,HierarchicalClustering,8,c2,NO_BROADCASTING,7.848,160.0,342.0,24.0,24.0,12.0,-471399.41963858966
cges,andes,HierarchicalClustering,8,c2,NO_BROADCASTING,8.432,157.0,346.0,42.0,42.0,13.0,-471878.1647949719
cges,andes,HierarchicalClustering,8,c2,NO_BROADCASTING,9.964,153.0,338.0,28.0,28.0,15.0,-471400.10268448654
cges,andes,HierarchicalClustering,8,c2,NO_BROADCASTING,10.259,158.0,340.0,8.0,8.0,17.0,-471711.6303479586
cges,andes,HierarchicalClustering,8,c2,NO_BROADCASTING,9.766,177.0,384.0,34.0,34.0,13.0,-472819.8306990648
cges,andes,HierarchicalClustering,8,c2,NO_BROADCASTING,9.0,177.0,396.0,68.0,68.0,15.0,-472305.0927882494
cges,andes,HierarchicalClustering,8,c2,NO_BROADCASTING,11.602,179.0,388.0,34.0,34.0,20.0,-472129.9434281714
cges,andes,HierarchicalClustering,8,c2,NO_BROADCASTING,26.544,209.0,492.0,266.0,266.0,10.0,-5152589.529582494
cges,andes,HierarchicalClustering,8,c2,PAIR_BROADCASTING,22.118,200.0,448.0,66.0,66.0,13.0,-474090.8351340169
cges,andes,HierarchicalClustering,8,c2,PAIR_BROADCASTING,36.222,190.0,438.0,104.0,104.0,15.0,-473543.4284383656
cges,andes,HierarchicalClustering,8,c2,PAIR_BROADCASTING,13.386,295.0,772.0,434.0,434.0,9.0,-475584.541546053
cges,andes,HierarchicalClustering,8,c2,PAIR_BROADCASTING,15.839,220.0,502.0,124.0,124.0,11.0,-473520.63080814586
cges,andes,HierarchicalClustering,8,c2,PAIR_BROADCASTING,13.296,276.0,688.0,322.0,322.0,9.0,-474341.6317382341
cges,andes,HierarchicalClustering,8,c2,PAIR_BROADCASTING,12.807,263.0,630.0,292.0,292.0,10.0,-475065.54938601673
cges,andes,HierarchicalClustering,8,c2,PAIR_BROADCASTING,31.044,174.0,398.0,72.0,72.0,18.0,-473092.8372019068
cges,andes,HierarchicalClustering,8,c2,PAIR_BROADCASTING,15.969,242.0,562.0,180.0,180.0,12.0,-474026.0516378506
cges,andes,HierarchicalClustering,8,c2,PAIR_BROADCASTING,15.406,244.0,598.0,206.0,206.0,11.0,-474942.6370935732
cges,andes,HierarchicalClustering,8,c2,PAIR_BROADCASTING,18.831,211.0,480.0,132.0,132.0,15.0,-473933.7912228608
cges,andes,HierarchicalClustering,8,c2,PAIR_BROADCASTING,18.602,273.0,678.0,276.0,276.0,10.0,-475480.9597644312
cges,andes,HierarchicalClustering,8,c2,PAIR_BROADCASTING,44.428,431.0,1218.0,896.0,896.0,9.0,-5177590.268584495
cges,link,HierarchicalClustering,1,c2,ALL_BROADCASTING,425.956,898.0,1830.0,556.0,556.0,6.0,-1125675.1968383123
cges,link,HierarchicalClustering,1,c2,ALL_BROADCASTING,395.854,976.0,2038.0,696.0,696.0,5.0,-1150963.9822840565
cges,link,HierarchicalClustering,1,c2,ALL_BROADCASTING,432.864,962.0,1960.0,644.0,644.0,5.0,-1141799.6554619663
cges,link,HierarchicalClustering,1,c2,ALL_BROADCASTING,433.647,987.0,2024.0,692.0,692.0,6.0,-1143733.4141397867
cges,link,HierarchicalClustering,1,c2,ALL_BROADCASTING,411.215,967.0,1976.0,670.0,670.0,5.0,-1136835.048538122
cges,link,HierarchicalClustering,1,c2,ALL_BROADCASTING,449.934,952.0,1938.0,676.0,676.0,6.0,-1140464.417277376
cges,link,HierarchicalClustering,1,c2,ALL_BROADCASTING,419.503,979.0,1996.0,678.0,678.0,6.0,-1140026.121585102
cges,link,HierarchicalClustering,1,c2,ALL_BROADCASTING,414.244,929.0,1904.0,600.0,600.0,5.0,-1136673.9702109275
cges,link,HierarchicalClustering,1,c2,ALL_BROADCASTING,419.075,1005.0,2082.0,730.0,730.0,6.0,-1154964.9811219007
cges,link,HierarchicalClustering,1,c2,ALL_BROADCASTING,441.518,925.0,1866.0,582.0,582.0,6.0,-1129933.8504797688
cges,link,HierarchicalClustering,1,c2,ALL_BROADCASTING,426.775,921.0,1878.0,598.0,598.0,6.0,-1128579.9759764282
cges,link,HierarchicalClustering,1,c2,ALL_BROADCASTING,547.533,668.0,1368.0,436.0,436.0,5.0,-11847254.569155416
cges,link,HierarchicalClustering,1,c2,NO_BROADCASTING,431.927,898.0,1830.0,556.0,556.0,6.0,-1125675.1968383123
cges,link,HierarchicalClustering,1,c2,NO_BROADCASTING,428.397,976.0,2038.0,696.0,696.0,5.0,-1150963.9822840565
cges,link,HierarchicalClustering,1,c2,NO_BROADCASTING,419.858,962.0,1960.0,644.0,644.0,5.0,-1141799.6554619663
cges,link,HierarchicalClustering,1,c2,NO_BROADCASTING,455.116,987.0,2024.0,692.0,692.0,6.0,-1143733.4141397867
cges,link,HierarchicalClustering,1,c2,NO_BROADCASTING,408.08,967.0,1976.0,670.0,670.0,5.0,-1136835.048538122
cges,link,HierarchicalClustering,1,c2,NO_BROADCASTING,418.979,952.0,1938.0,676.0,676.0,6.0,-1140464.417277376
cges,link,HierarchicalClustering,1,c2,NO_BROADCASTING,391.451,979.0,1996.0,678.0,678.0,6.0,-1140026.121585102
cges,link,HierarchicalClustering,1,c2,NO_BROADCASTING,394.715,929.0,1904.0,600.0,600.0,5.0,-1136673.9702109275
cges,link,HierarchicalClustering,1,c2,NO_BROADCASTING,417.286,1005.0,2082.0,730.0,730.0,6.0,-1154964.9811219007
cges,link,HierarchicalClustering,1,c2,NO_BROADCASTING,426.167,925.0,1866.0,582.0,582.0,6.0,-1129933.8504797688
cges,link,HierarchicalClustering,1,c2,NO_BROADCASTING,426.394,921.0,1878.0,598.0,598.0,6.0,-1128579.9759764282
cges,link,HierarchicalClustering,1,c2,NO_BROADCASTING,562.001,668.0,1368.0,436.0,436.0,5.0,-11847254.569155416
cges,link,HierarchicalClustering,1,c2,PAIR_BROADCASTING,431.415,898.0,1830.0,556.0,556.0,6.0,-1125675.1968383123
cges,link,HierarchicalClustering,1,c2,PAIR_BROADCASTING,416.324,976.0,2038.0,696.0,696.0,5.0,-1150963.9822840565
cges,link,HierarchicalClustering,1,c2,PAIR_BROADCASTING,418.772,962.0,1960.0,644.0,644.0,5.0,-1141799.6554619668
cges,link,HierarchicalClustering,1,c2,PAIR_BROADCASTING,427.146,987.0,2024.0,692.0,692.0,6.0,-1143733.4141397867
cges,link,HierarchicalClustering,1,c2,PAIR_BROADCASTING,427.835,967.0,1976.0,670.0,670.0,5.0,-1136835.048538122
cges,link,HierarchicalClustering,1,c2,PAIR_BROADCASTING,437.935,952.0,1938.0,676.0,676.0,6.0,-1140464.417277376
cges,link,HierarchicalClustering,1,c2,PAIR_BROADCASTING,432.862,979.0,1996.0,678.0,678.0,6.0,-1140026.121585102
cges,link,HierarchicalClustering,1,c2,PAIR_BROADCASTING,399.763,929.0,1904.0,600.0,600.0,5.0,-1136673.9702109275
cges,link,HierarchicalClustering,1,c2,PAIR_BROADCASTING,429.837,1005.0,2082.0,730.0,730.0,6.0,-1154964.9811219007
cges,link,HierarchicalClustering,1,c2,PAIR_BROADCASTING,425.568,925.0,1866.0,582.0,582.0,6.0,-1129933.8504797688
cges,link,HierarchicalClustering,1,c2,PAIR_BROADCASTING,429.091,921.0,1878.0,598.0,598.0,6.0,-1128579.9759764282
cges,link,HierarchicalClustering,1,c2,PAIR_BROADCASTING,531.667,668.0,1368.0,436.0,436.0,5.0,-11847254.569155416
cges,link,HierarchicalClustering,2,c2,ALL_BROADCASTING,200.031,914.0,1872.0,658.0,658.0,7.0,-1129593.8972196584
cges,link,HierarchicalClustering,2,c2,ALL_BROADCASTING,213.912,842.0,1740.0,618.0,618.0,8.0,-1135744.384785927
cges,link,HierarchicalClustering,2,c2,ALL_BROADCASTING,216.42,960.0,1970.0,686.0,686.0,9.0,-1142476.9669801262
cges,link,HierarchicalClustering,2,c2,ALL_BROADCASTING,236.439,1001.0,2096.0,816.0,816.0,9.0,-1147766.7334185862
cges,link,HierarchicalClustering,2,c2,ALL_BROADCASTING,235.376,926.0,1900.0,692.0,692.0,8.0,-1137353.604559129
cges,link,HierarchicalClustering,2,c2,ALL_BROADCASTING,211.552,962.0,1976.0,722.0,722.0,7.0,-1148107.4703632612
cges,link,HierarchicalClustering,2,c2,ALL_BROADCASTING,243.519,939.0,1928.0,704.0,704.0,12.0,-1140964.9465083175
cges,link,HierarchicalClustering,2,c2,ALL_BROADCASTING,214.257,906.0,1864.0,614.0,614.0,10.0,-1136843.8289797066
cges,link,HierarchicalClustering,2,c2,ALL_BROADCASTING,206.019,966.0,2026.0,742.0,742.0,8.0,-1152470.3314360543
cges,link,HierarchicalClustering,2,c2,ALL_BROADCASTING,230.964,924.0,1878.0,638.0,638.0,9.0,-1130146.0045846105
cges,link,HierarchicalClustering,2,c2,ALL_BROADCASTING,225.611,865.0,1756.0,558.0,558.0,11.0,-1121240.147378301
cges,link,HierarchicalClustering,2,c2,ALL_BROADCASTING,324.181,711.0,1486.0,570.0,570.0,9.0,-11849592.27276519
cges,link,HierarchicalClustering,2,c2,NO_BROADCASTING,194.701,914.0,1872.0,658.0,658.0,7.0,-1129593.8972196584
cges,link,HierarchicalClustering,2,c2,NO_BROADCASTING,204.944,842.0,1740.0,618.0,618.0,8.0,-1135744.384785927
cges,link,HierarchicalClustering,2,c2,NO_BROADCASTING,203.962,960.0,1970.0,686.0,686.0,9.0,-1142476.9669801262
cges,link,HierarchicalClustering,2,c2,NO_BROADCASTING,230.145,1001.0,2096.0,816.0,816.0,9.0,-1147766.7334185862
cges,link,HierarchicalClustering,2,c2,NO_BROADCASTING,223.068,926.0,1900.0,692.0,692.0,8.0,-1137353.604559129
cges,link,HierarchicalClustering,2,c2,NO_BROADCASTING,194.644,962.0,1976.0,722.0,722.0,7.0,-1148107.4703632612
cges,link,HierarchicalClustering,2,c2,NO_BROADCASTING,215.649,939.0,1928.0,704.0,704.0,12.0,-1140964.9465083175
cges,link,HierarchicalClustering,2,c2,NO_BROADCASTING,196.3,906.0,1864.0,614.0,614.0,10.0,-1136843.8289797066
cges,link,HierarchicalClustering,2,c2,NO_BROADCASTING,194.651,966.0,2026.0,742.0,742.0,8.0,-1152470.3314360543
cges,link,HierarchicalClustering,2,c2,NO_BROADCASTING,196.816,924.0,1878.0,638.0,638.0,8.0,-1130146.0045846105
cges,link,HierarchicalClustering,2,c2,NO_BROADCASTING,220.026,865.0,1756.0,558.0,558.0,11.0,-1121240.147378301
cges,link,HierarchicalClustering,2,c2,NO_BROADCASTING,297.584,711.0,1486.0,570.0,570.0,9.0,-11849592.27276519
cges,link,HierarchicalClustering,2,c2,PAIR_BROADCASTING,278.801,1190.0,2742.0,1464.0,1464.0,6.0,-1148585.6817247542
cges,link,HierarchicalClustering,2,c2,PAIR_BROADCASTING,219.121,835.0,1728.0,590.0,590.0,12.0,-1135893.10902682
cges,link,HierarchicalClustering,2,c2,PAIR_BROADCASTING,319.443,934.0,1914.0,626.0,626.0,23.0,-1142577.9117100025
cges,link,HierarchicalClustering,2,c2,PAIR_BROADCASTING,289.347,1204.0,2700.0,1578.0,1578.0,9.0,-1152035.518102744
cges,link,HierarchicalClustering,2,c2,PAIR_BROADCASTING,228.862,839.0,1740.0,598.0,598.0,16.0,-1136720.4569664462
cges,link,HierarchicalClustering,2,c2,PAIR_BROADCASTING,260.943,930.0,1914.0,690.0,690.0,21.0,-1144549.4238818137
cges,link,HierarchicalClustering,2,c2,PAIR_BROADCASTING,379.701,1105.0,2342.0,992.0,992.0,4.0,-1196743.3311482402
cges,link,HierarchicalClustering,2,c2,PAIR_BROADCASTING,311.772,927.0,1996.0,870.0,870.0,18.0,-1137645.5569830823
cges,link,HierarchicalClustering,2,c2,PAIR_BROADCASTING,215.035,943.0,1986.0,736.0,736.0,12.0,-1152562.8111953873
cges,link,HierarchicalClustering,2,c2,PAIR_BROADCASTING,223.537,849.0,1724.0,568.0,568.0,16.0,-1129886.7251587878
cges,link,HierarchicalClustering,2,c2,PAIR_BROADCASTING,209.275,936.0,1974.0,764.0,764.0,7.0,-1125343.957208089
cges,link,HierarchicalClustering,2,c2,PAIR_BROADCASTING,297.219,873.0,2044.0,1272.0,1272.0,7.0,-11848214.258986708
cges,link,HierarchicalClustering,4,c2,ALL_BROADCASTING,252.934,865.0,1786.0,634.0,634.0,17.0,-1129579.6969065843
cges,link,HierarchicalClustering,4,c2,ALL_BROADCASTING,307.148,999.0,2108.0,866.0,866.0,22.0,-1149977.1477273875
cges,link,HierarchicalClustering,4,c2,ALL_BROADCASTING,357.973,954.0,2008.0,828.0,828.0,24.0,-1146135.5109848306
cges,link,HierarchicalClustering,4,c2,ALL_BROADCASTING,312.882,1019.0,2122.0,824.0,824.0,21.0,-1147114.097227769
cges,link,HierarchicalClustering,4,c2,ALL_BROADCASTING,313.676,864.0,1812.0,702.0,702.0,24.0,-1141731.9367694866
cges,link,HierarchicalClustering,4,c2,ALL_BROADCASTING,289.652,1010.0,2128.0,902.0,902.0,13.0,-1148769.864805893
cges,link,HierarchicalClustering,4,c2,ALL_BROADCASTING,254.774,989.0,2112.0,926.0,926.0,17.0,-1139444.6097840185
cges,link,HierarchicalClustering,4,c2,ALL_BROADCASTING,263.547,1076.0,2288.0,968.0,968.0,11.0,-1165062.23304884
cges,link,HierarchicalClustering,4,c2,ALL_BROADCASTING,277.938,995.0,2078.0,768.0,768.0,20.0,-1156850.999024617
cges,link,HierarchicalClustering,4,c2,ALL_BROADCASTING,241.039,1003.0,2070.0,882.0,882.0,16.0,-1135167.011179505
cges,link,HierarchicalClustering,4,c2,ALL_BROADCASTING,267.049,1214.0,2650.0,1564.0,1564.0,15.0,-1123461.4432168277
cges,link,HierarchicalClustering,4,c2,ALL_BROADCASTING,575.396,1677.0,4676.0,3834.0,3834.0,18.0,-11903763.400924353
cges,link,HierarchicalClustering,4,c2,NO_BROADCASTING,133.74,868.0,1790.0,634.0,634.0,12.0,-1126153.1221971095
cges,link,HierarchicalClustering,4,c2,NO_BROADCASTING,161.944,930.0,2016.0,842.0,842.0,16.0,-1136163.2675478908
cges,link,HierarchicalClustering,4,c2,NO_BROADCASTING,148.632,970.0,2042.0,784.0,784.0,14.0,-1149443.1423804692
cges,link,HierarchicalClustering,4,c2,NO_BROADCASTING,138.942,1010.0,2130.0,820.0,820.0,13.0,-1151701.373244327
cges,link,HierarchicalClustering,4,c2,NO_BROADCASTING,126.748,967.0,1988.0,672.0,672.0,12.0,-1140955.1459615205
cges,link,HierarchicalClustering,4,c2,NO_BROADCASTING,155.623,958.0,1976.0,772.0,772.0,15.0,-1144997.054260723
cges,link,HierarchicalClustering,4,c2,NO_BROADCASTING,143.034,958.0,2034.0,824.0,824.0,12.0,-1130691.412335742
cges,link,HierarchicalClustering,4,c2,NO_BROADCASTING,180.028,979.0,2094.0,810.0,810.0,20.0,-1141842.3360324344
cges,link,HierarchicalClustering,4,c2,NO_BROADCASTING,147.103,988.0,2072.0,848.0,848.0,14.0,-1156461.361206631
cges,link,HierarchicalClustering,4,c2,NO_BROADCASTING,146.281,914.0,1940.0,748.0,748.0,14.0,-1138756.7671209178
cges,link,HierarchicalClustering,4,c2,NO_BROADCASTING,179.566,936.0,1928.0,714.0,714.0,15.0,-1129375.127344416
cges,link,HierarchicalClustering,4,c2,NO_BROADCASTING,475.453,1131.0,3988.0,3112.0,3112.0,16.0,-11898633.699086228
cges,link,HierarchicalClustering,4,c2,PAIR_BROADCASTING,220.784,890.0,1858.0,680.0,680.0,12.0,-1131107.518301536
cges,link,HierarchicalClustering,4,c2,PAIR_BROADCASTING,249.639,1042.0,2220.0,954.0,954.0,12.0,-1148841.6070074693
cges,link,HierarchicalClustering,4,c2,PAIR_BROADCASTING,221.598,1286.0,3070.0,1698.0,1698.0,8.0,-1155787.412394842
cges,link,HierarchicalClustering,4,c2,PAIR_BROADCASTING,483.694,1052.0,2328.0,1208.0,1208.0,19.0,-1152693.8076514886
cges,link,HierarchicalClustering,4,c2,PAIR_BROADCASTING,218.9,996.0,2368.0,1246.0,1246.0,12.0,-1141327.45341181
cges,link,HierarchicalClustering,4,c2,PAIR_BROADCASTING,326.949,884.0,1862.0,662.0,662.0,37.0,-1142855.444923164
cges,link,HierarchicalClustering,4,c2,PAIR_BROADCASTING,441.154,1061.0,2264.0,972.0,972.0,22.0,-1162876.338428788
cges,link,HierarchicalClustering,4,c2,PAIR_BROADCASTING,252.747,912.0,1920.0,820.0,820.0,19.0,-1133299.8315028984
cges,link,HierarchicalClustering,4,c2,PAIR_BROADCASTING,245.716,1101.0,2454.0,854.0,854.0,8.0,-1173944.8760037236
cges,link,HierarchicalClustering,8,c2,ALL_BROADCASTING,407.966,1289.0,2832.0,1698.0,1698.0,15.0,-1153824.0678967598
cges,link,HierarchicalClustering,8,c2,ALL_BROADCASTING,383.058,1301.0,2962.0,1728.0,1728.0,17.0,-1151765.1933439446
cges,link,HierarchicalClustering,8,c2,ALL_BROADCASTING,393.712,1112.0,2398.0,1100.0,1100.0,23.0,-1159103.3505499351
cges,link,HierarchicalClustering,8,c2,ALL_BROADCASTING,263.605,1320.0,3052.0,1822.0,1822.0,13.0,-1167289.6474751525
cges,link,HierarchicalClustering,8,c2,ALL_BROADCASTING,290.419,998.0,2026.0,688.0,688.0,9.0,-1161110.7312307598
cges,link,HierarchicalClustering,8,c2,ALL_BROADCASTING,392.773,1035.0,2200.0,1044.0,1044.0,20.0,-1151479.9742985964
cges,link,HierarchicalClustering,8,c2,ALL_BROADCASTING,340.217,1320.0,3132.0,2054.0,2054.0,16.0,-1147168.0631651187
cges,link,HierarchicalClustering,8,c2,ALL_BROADCASTING,374.655,1249.0,2922.0,1778.0,1778.0,16.0,-1143758.4372654073
cges,link,HierarchicalClustering,8,c2,ALL_BROADCASTING,311.424,1150.0,2464.0,1144.0,1144.0,7.0,-1185114.3121293604
cges,link,HierarchicalClustering,8,c2,ALL_BROADCASTING,302.184,1112.0,2332.0,1140.0,1140.0,12.0,-1145883.1074267903
cges,link,HierarchicalClustering,8,c2,ALL_BROADCASTING,664.563,878.0,1802.0,662.0,662.0,22.0,-1117347.6302983724
cges,link,HierarchicalClustering,8,c2,ALL_BROADCASTING,459.596,941.0,2184.0,1256.0,1256.0,15.0,-11887383.762446497
cges,link,HierarchicalClustering,8,c2,NO_BROADCASTING,155.383,864.0,1770.0,592.0,592.0,20.0,-1118747.2325183996
cges,link,HierarchicalClustering,8,c2,NO_BROADCASTING,156.924,926.0,1978.0,686.0,686.0,21.0,-1133494.2779251304
cges,link,HierarchicalClustering,8,c2,NO_BROADCASTING,158.879,978.0,2114.0,930.0,930.0,19.0,-1141460.5320477344
cges,link,HierarchicalClustering,8,c2,NO_BROADCASTING,171.638,1044.0,2238.0,974.0,974.0,23.0,-1158214.4019614812
cges,link,HierarchicalClustering,8,c2,NO_BROADCASTING,168.91,848.0,1766.0,702.0,702.0,20.0,-1124645.0112004487
cges,link,HierarchicalClustering,8,c2,NO_BROADCASTING,156.902,1027.0,2314.0,1096.0,1096.0,19.0,-1152079.1720522398
cges,link,HierarchicalClustering,8,c2,NO_BROADCASTING,171.832,942.0,1950.0,792.0,792.0,21.0,-1123256.9849075095
cges,link,HierarchicalClustering,8,c2,NO_BROADCASTING,253.618,860.0,1776.0,650.0,650.0,35.0,-1128487.7182638713
cges,link,HierarchicalClustering,8,c2,NO_BROADCASTING,148.029,1004.0,2126.0,898.0,898.0,19.0,-1156466.444794573
cges,link,HierarchicalClustering,8,c2,NO_BROADCASTING,167.89,984.0,2080.0,888.0,888.0,20.0,-1137086.2553967526
cges,link,HierarchicalClustering,8,c2,NO_BROADCASTING,208.514,946.0,1986.0,802.0,802.0,29.0,-1132012.4163906472
cges,link,HierarchicalClustering,8,c2,NO_BROADCASTING,731.421,896.0,2046.0,1104.0,1104.0,19.0,-11827852.19707328
cges,link,HierarchicalClustering,8,c2,PAIR_BROADCASTING,352.975,1187.0,2706.0,1556.0,1556.0,12.0,-1164976.0604078253
cges,link,HierarchicalClustering,8,c2,PAIR_BROADCASTING,357.518,1216.0,2812.0,942.0,942.0,9.0,-1225588.2694110535
cges,link,HierarchicalClustering,8,c2,PAIR_BROADCASTING,309.437,1256.0,2784.0,1500.0,1500.0,11.0,-1198083.768082654
cges,link,HierarchicalClustering,8,c2,PAIR_BROADCASTING,376.484,903.0,1896.0,770.0,770.0,8.0,-1178648.348481089
cges,link,HierarchicalClustering,8,c2,PAIR_BROADCASTING,441.277,1529.0,4648.0,3048.0,3048.0,12.0,-1196439.4020360913
cges,link,HierarchicalClustering,8,c2,PAIR_BROADCASTING,377.867,1404.0,3566.0,2042.0,2042.0,11.0,-1214077.63692043
cges,link,HierarchicalClustering,8,c2,PAIR_BROADCASTING,353.739,1200.0,2782.0,1588.0,1588.0,11.0,-1181839.1883161548
cges,link,HierarchicalClustering,8,c2,PAIR_BROADCASTING,,,,,,,
cges,link,HierarchicalClustering,8,c2,PAIR_BROADCASTING,678.111,1319.0,3188.0,2088.0,2088.0,10.0,-1190454.236703018
cges,link,HierarchicalClustering,8,c2,PAIR_BROADCASTING,1313.863,1034.0,2400.0,1426.0,1426.0,11.0,-12341466.30347342
cges,munin,HierarchicalClustering,1,c2,ALL_BROADCASTING,1871.972,1448.0,3196.0,800.0,800.0,5.0,-936178.1285512644
cges,munin,HierarchicalClustering,1,c2,ALL_BROADCASTING,1562.658,1491.0,3254.0,992.0,992.0,5.0,-935259.5872905988
cges,munin,HierarchicalClustering,1,c2,ALL_BROADCASTING,1731.423,1428.0,3182.0,742.0,742.0,4.0,-935244.7940789132
cges,munin,HierarchicalClustering,1,c2,ALL_BROADCASTING,1605.048,1508.0,3238.0,1038.0,1038.0,10.0,-935664.4685436965
cges,munin,HierarchicalClustering,1,c2,ALL_BROADCASTING,1852.153,1429.0,3018.0,774.0,774.0,5.0,-935418.2752962264
cges,munin,HierarchicalClustering,1,c2,ALL_BROADCASTING,1591.746,1490.0,3302.0,978.0,978.0,7.0,-930370.6011137762
cges,munin,HierarchicalClustering,1,c2,ALL_BROADCASTING,1760.152,1462.0,3254.0,742.0,742.0,4.0,-936946.1016853967
cges,munin,HierarchicalClustering,1,c2,ALL_BROADCASTING,1739.491,1501.0,3308.0,1044.0,1044.0,7.0,-932914.7035732584
cges,munin,HierarchicalClustering,1,c2,ALL_BROADCASTING,1669.101,1448.0,3174.0,802.0,802.0,4.0,-938029.7630333096
cges,munin,HierarchicalClustering,1,c2,ALL_BROADCASTING,1710.106,1456.0,3236.0,754.0,754.0,4.0,-929403.2225457146
cges,munin,HierarchicalClustering,1,c2,ALL_BROADCASTING,1542.758,1416.0,3066.0,918.0,918.0,5.0,-932343.273151535
cges,munin,HierarchicalClustering,1,c2,NO_BROADCASTING,1822.196,1448.0,3196.0,800.0,800.0,5.0,-936178.1285512644
cges,munin,HierarchicalClustering,1,c2,NO_BROADCASTING,1524.425,1491.0,3254.0,992.0,992.0,5.0,-935259.5872905988
cges,munin,HierarchicalClustering,1,c2,NO_BROADCASTING,1693.432,1428.0,3182.0,742.0,742.0,4.0,-935244.7940789132
cges,munin,HierarchicalClustering,1,c2,NO_BROADCASTING,1571.168,1508.0,3238.0,1038.0,1038.0,10.0,-935664.4685436965
cges,munin,HierarchicalClustering,1,c2,NO_BROADCASTING,1866.76,1429.0,3018.0,774.0,774.0,5.0,-935418.2752962264
cges,munin,HierarchicalClustering,1,c2,NO_BROADCASTING,1591.654,1490.0,3302.0,978.0,978.0,7.0,-930370.6011137762
cges,munin,HierarchicalClustering,1,c2,NO_BROADCASTING,1762.38,1462.0,3254.0,742.0,742.0,4.0,-936946.1016853967
cges,munin,HierarchicalClustering,1,c2,NO_BROADCASTING,1704.134,1501.0,3308.0,1044.0,1044.0,7.0,-932914.7035732584
cges,munin,HierarchicalClustering,1,c2,NO_BROADCASTING,1682.01,1448.0,3174.0,802.0,802.0,4.0,-938029.7630333096
cges,munin,HierarchicalClustering,1,c2,NO_BROADCASTING,1891.652,1451.0,3222.0,750.0,750.0,5.0,-930322.8366808718
cges,munin,HierarchicalClustering,1,c2,NO_BROADCASTING,1525.451,1416.0,3066.0,918.0,918.0,5.0,-932343.273151535
cges,munin,HierarchicalClustering,1,c2,PAIR_BROADCASTING,1876.865,1448.0,3196.0,800.0,800.0,5.0,-936178.1285512646
cges,munin,HierarchicalClustering,1,c2,PAIR_BROADCASTING,1557.974,1491.0,3254.0,992.0,992.0,5.0,-935259.587290599
cges,munin,HierarchicalClustering,1,c2,PAIR_BROADCASTING,1697.095,1428.0,3182.0,742.0,742.0,4.0,-935244.7940789132
cges,munin,HierarchicalClustering,1,c2,PAIR_BROADCASTING,1541.029,1508.0,3238.0,1038.0,1038.0,10.0,-935664.4685436965
cges,munin,HierarchicalClustering,1,c2,PAIR_BROADCASTING,2076.588,1429.0,3018.0,774.0,774.0,6.0,-935418.2752962264
cges,munin,HierarchicalClustering,1,c2,PAIR_BROADCASTING,1608.364,1490.0,3302.0,978.0,978.0,7.0,-930370.6011137762
cges,munin,HierarchicalClustering,1,c2,PAIR_BROADCASTING,1866.386,1462.0,3254.0,742.0,742.0,4.0,-936946.1016853967
cges,munin,HierarchicalClustering,1,c2,PAIR_BROADCASTING,1677.704,1501.0,3308.0,1044.0,1044.0,8.0,-932914.7035732584
cges,munin,HierarchicalClustering,1,c2,PAIR_BROADCASTING,1722.429,1448.0,3174.0,802.0,802.0,4.0,-938029.7630333096
cges,munin,HierarchicalClustering,1,c2,PAIR_BROADCASTING,1735.116,1455.0,3234.0,754.0,754.0,4.0,-929379.1650159172
cges,munin,HierarchicalClustering,1,c2,PAIR_BROADCASTING,1546.722,1416.0,3066.0,918.0,918.0,6.0,-932343.2731515352
cges,munin,HierarchicalClustering,2,c2,ALL_BROADCASTING,1287.213,1521.0,3254.0,1032.0,1032.0,8.0,-936499.9035427076
cges,munin,HierarchicalClustering,2,c2,ALL_BROADCASTING,1079.12,1505.0,3276.0,1066.0,1066.0,13.0,-935992.8656640168
cges,munin,HierarchicalClustering,2,c2,ALL_BROADCASTING,,,,,,,
cges,munin,HierarchicalClustering,2,c2,ALL_BROADCASTING,938.224,1505.0,3378.0,1036.0,1036.0,8.0,-930331.2772787974
cges,munin,HierarchicalClustering,2,c2,ALL_BROADCASTING,,,,,,,
cges,munin,HierarchicalClustering,2,c2,ALL_BROADCASTING,1747.393,1476.0,3272.0,926.0,926.0,6.0,-935942.4987813684
cges,munin,HierarchicalClustering,2,c2,NO_BROADCASTING,1054.536,1523.0,3248.0,1110.0,1110.0,9.0,-934970.0196710428
cges,munin,HierarchicalClustering,2,c2,NO_BROADCASTING,,,,,,,
cges,munin,HierarchicalClustering,2,c2,NO_BROADCASTING,1024.555,1505.0,3276.0,1066.0,1066.0,13.0,-935992.8656640168
cges,munin,HierarchicalClustering,2,c2,NO_BROADCASTING,816.888,1505.0,3378.0,1036.0,1036.0,8.0,-930331.2772787974
cges,munin,HierarchicalClustering,2,c2,NO_BROADCASTING,2153.253,1534.0,3444.0,840.0,840.0,7.0,-942653.6534881408
cges,munin,HierarchicalClustering,2,c2,NO_BROADCASTING,1037.732,1525.0,3390.0,1064.0,1064.0,10.0,-928115.0957470282
cges,munin,HierarchicalClustering,2,c2,NO_BROADCASTING,898.523,1476.0,3272.0,926.0,926.0,6.0,-935942.4987813684
cges,munin,HierarchicalClustering,2,c2,PAIR_BROADCASTING,1362.594,1533.0,3438.0,1020.0,1020.0,12.0,-937317.9223461004
cges,munin,HierarchicalClustering,2,c2,PAIR_BROADCASTING,852.252,1559.0,3392.0,1146.0,1146.0,10.0,-934708.1481872668
cges,munin,HierarchicalClustering,2,c2,PAIR_BROADCASTING,1155.405,1547.0,3450.0,1150.0,1150.0,9.0,-938086.5296497708
cges,munin,HierarchicalClustering,2,c2,PAIR_BROADCASTING,770.298,1541.0,3376.0,1130.0,1130.0,10.0,-934825.8132127
cges,munin,HierarchicalClustering,2,c2,PAIR_BROADCASTING,1219.497,1569.0,3550.0,1096.0,1096.0,12.0,-933881.3320849516
cges,munin,HierarchicalClustering,2,c2,PAIR_BROADCASTING,1430.114,1535.0,3364.0,1014.0,1014.0,12.0,-937766.5504225024
cges,munin,HierarchicalClustering,2,c2,PAIR_BROADCASTING,1978.138,1560.0,3386.0,1042.0,1042.0,16.0,-938644.5937815248
cges,munin,HierarchicalClustering,2,c2,PAIR_BROADCASTING,703.191,1558.0,3458.0,1134.0,1134.0,9.0,-928893.644722542
cges,munin,HierarchicalClustering,2,c2,PAIR_BROADCASTING,732.951,1470.0,3210.0,1060.0,1060.0,10.0,-933596.001142244
cges,munin,HierarchicalClustering,4,c2,ALL_BROADCASTING,,,,,,,
cges,munin,HierarchicalClustering,4,c2,ALL_BROADCASTING,,,,,,,
cges,munin,HierarchicalClustering,4,c2,NO_BROADCASTING,,,,,,,
cges,munin,HierarchicalClustering,4,c2,NO_BROADCASTING,,,,,,,
cges,munin,HierarchicalClustering,4,c2,NO_BROADCASTING,,,,,,,
cges,munin,HierarchicalClustering,4,c2,NO_BROADCASTING,,,,,,,
cges,munin,HierarchicalClustering,4,c2,NO_BROADCASTING,674.366,1569.0,3506.0,960.0,960.0,9.0,-942502.7550397108
cges,munin,HierarchicalClustering,4,c2,NO_BROADCASTING,,,,,,,
cges,munin,HierarchicalClustering,4,c2,PAIR_BROADCASTING,837.316,1601.0,3420.0,1120.0,1120.0,17.0,-937283.8968050648
cges,munin,HierarchicalClustering,4,c2,PAIR_BROADCASTING,1118.268,1658.0,3640.0,1314.0,1314.0,19.0,-936409.6409033452
cges,munin,HierarchicalClustering,4,c2,PAIR_BROADCASTING,695.717,1672.0,3762.0,1248.0,1248.0,16.0,-942151.8928786322
cges,munin,HierarchicalClustering,4,c2,PAIR_BROADCASTING,1087.273,1649.0,3680.0,1182.0,1182.0,22.0,-936176.9156922892
cges,munin,HierarchicalClustering,4,c2,PAIR_BROADCASTING,1235.033,1652.0,3720.0,1182.0,1182.0,25.0,-935444.7495093216
cges,munin,HierarchicalClustering,4,c2,PAIR_BROADCASTING,1336.361,1676.0,3714.0,1098.0,1098.0,21.0,-944567.188508264
cges,munin,HierarchicalClustering,4,c2,PAIR_BROADCASTING,924.803,1639.0,3694.0,1206.0,1206.0,19.0,-932559.4774541794
cges,munin,HierarchicalClustering,8,c2,ALL_BROADCASTING,,,,,,,
cges,munin,HierarchicalClustering,8,c2,ALL_BROADCASTING,,,,,,,
cges,munin,HierarchicalClustering,8,c2,NO_BROADCASTING,,,,,,,
cges,munin,HierarchicalClustering,8,c2,NO_BROADCASTING,,,,,,,
cges,munin,HierarchicalClustering,8,c2,NO_BROADCASTING,,,,,,,
cges,munin,HierarchicalClustering,8,c2,NO_BROADCASTING,,,,,,,
cges,munin,HierarchicalClustering,8,c2,PAIR_BROADCASTING,,,,,,,
cges,munin,HierarchicalClustering,8,c2,PAIR_BROADCASTING,1834.31,1559.0,3478.0,1116.0,1116.0,40.0,-936368.6718481608
cges,munin,HierarchicalClustering,8,c2,PAIR_BROADCASTING,,,,,,,
cges,pigs,HierarchicalClustering,1,c2,ALL_BROADCASTING,73.603,0.0,0.0,0.0,0.0,4.0,-1673766.7635783982
cges,pigs,HierarchicalClustering,1,c2,ALL_BROADCASTING,69.657,0.0,0.0,0.0,0.0,4.0,-1672862.8337663016
cges,pigs,HierarchicalClustering,1,c2,ALL_BROADCASTING,88.492,0.0,0.0,0.0,0.0,4.0,-1674311.6987925328
cges,pigs,HierarchicalClustering,1,c2,ALL_BROADCASTING,78.28,0.0,0.0,0.0,0.0,4.0,-1675404.877764935
cges,pigs,HierarchicalClustering,1,c2,ALL_BROADCASTING,72.031,0.0,0.0,0.0,0.0,4.0,-1675946.8368636218
cges,pigs,HierarchicalClustering,1,c2,ALL_BROADCASTING,81.109,0.0,0.0,0.0,0.0,4.0,-1676267.3230144675
cges,pigs,HierarchicalClustering,1,c2,ALL_BROADCASTING,71.63,0.0,0.0,0.0,0.0,4.0,-1674789.5458293168
cges,pigs,HierarchicalClustering,1,c2,ALL_BROADCASTING,75.445,0.0,0.0,0.0,0.0,4.0,-1675064.0159439556
cges,pigs,HierarchicalClustering,1,c2,ALL_BROADCASTING,78.348,0.0,0.0,0.0,0.0,4.0,-1676948.5367278014
cges,pigs,HierarchicalClustering,1,c2,ALL_BROADCASTING,77.141,0.0,0.0,0.0,0.0,4.0,-1674822.4981279897
cges,pigs,HierarchicalClustering,1,c2,ALL_BROADCASTING,67.642,0.0,0.0,0.0,0.0,4.0,-1674757.2366382969
cges,pigs,HierarchicalClustering,1,c2,ALL_BROADCASTING,99.491,0.0,0.0,0.0,0.0,4.0,-18242616.51513647
cges,pigs,HierarchicalClustering,1,c2,NO_BROADCASTING,72.785,0.0,0.0,0.0,0.0,4.0,-1673766.7635783982
cges,pigs,HierarchicalClustering,1,c2,NO_BROADCASTING,73.075,0.0,0.0,0.0,0.0,4.0,-1672862.8337663016
cges,pigs,HierarchicalClustering,1,c2,NO_BROADCASTING,73.906,0.0,0.0,0.0,0.0,4.0,-1674311.6987925328
cges,pigs,HierarchicalClustering,1,c2,NO_BROADCASTING,75.346,0.0,0.0,0.0,0.0,4.0,-1675404.877764935
cges,pigs,HierarchicalClustering,1,c2,NO_BROADCASTING,76.768,0.0,0.0,0.0,0.0,4.0,-1675946.8368636218
cges,pigs,HierarchicalClustering,1,c2,NO_BROADCASTING,68.169,0.0,0.0,0.0,0.0,4.0,-1676267.3230144675
cges,pigs,HierarchicalClustering,1,c2,NO_BROADCASTING,81.195,0.0,0.0,0.0,0.0,4.0,-1674789.5458293168
cges,pigs,HierarchicalClustering,1,c2,NO_BROADCASTING,76.031,0.0,0.0,0.0,0.0,4.0,-1675064.0159439556
cges,pigs,HierarchicalClustering,1,c2,NO_BROADCASTING,68.052,0.0,0.0,0.0,0.0,4.0,-1676948.5367278014
cges,pigs,HierarchicalClustering,1,c2,NO_BROADCASTING,74.012,0.0,0.0,0.0,0.0,4.0,-1674822.4981279897
cges,pigs,HierarchicalClustering,1,c2,NO_BROADCASTING,76.29,0.0,0.0,0.0,0.0,4.0,-1674757.2366382969
cges,pigs,HierarchicalClustering,1,c2,NO_BROADCASTING,102.057,0.0,0.0,0.0,0.0,4.0,-18242616.51513647
cges,pigs,HierarchicalClustering,1,c2,PAIR_BROADCASTING,73.706,0.0,0.0,0.0,0.0,4.0,-1673766.7635783982
cges,pigs,HierarchicalClustering,1,c2,PAIR_BROADCASTING,78.6,0.0,0.0,0.0,0.0,4.0,-1672862.8337663016
cges,pigs,HierarchicalClustering,1,c2,PAIR_BROADCASTING,77.178,0.0,0.0,0.0,0.0,4.0,-1674311.6987925328
cges,pigs,HierarchicalClustering,1,c2,PAIR_BROADCASTING,70.559,0.0,0.0,0.0,0.0,4.0,-1675404.877764935
cges,pigs,HierarchicalClustering,1,c2,PAIR_BROADCASTING,75.492,0.0,0.0,0.0,0.0,4.0,-1675946.8368636218
cges,pigs,HierarchicalClustering,1,c2,PAIR_BROADCASTING,69.952,0.0,0.0,0.0,0.0,4.0,-1676267.3230144675
cges,pigs,HierarchicalClustering,1,c2,PAIR_BROADCASTING,75.543,0.0,0.0,0.0,0.0,4.0,-1674789.5458293168
cges,pigs,HierarchicalClustering,1,c2,PAIR_BROADCASTING,75.762,0.0,0.0,0.0,0.0,4.0,-1675064.0159439556
cges,pigs,HierarchicalClustering,1,c2,PAIR_BROADCASTING,72.975,0.0,0.0,0.0,0.0,4.0,-1676948.5367278014
cges,pigs,HierarchicalClustering,1,c2,PAIR_BROADCASTING,72.872,0.0,0.0,0.0,0.0,4.0,-1674822.4981279897
cges,pigs,HierarchicalClustering,1,c2,PAIR_BROADCASTING,72.717,0.0,0.0,0.0,0.0,4.0,-1674757.2366382969
cges,pigs,HierarchicalClustering,1,c2,PAIR_BROADCASTING,98.434,0.0,0.0,0.0,0.0,4.0,-18242616.51513647
cges,pigs,HierarchicalClustering,2,c2,ALL_BROADCASTING,45.462,4.0,16.0,16.0,16.0,7.0,-1674267.4500865797
cges,pigs,HierarchicalClustering,2,c2,ALL_BROADCASTING,51.331,4.0,14.0,14.0,14.0,8.0,-1673557.199965418
cges,pigs,HierarchicalClustering,2,c2,ALL_BROADCASTING,44.501,0.0,0.0,0.0,0.0,9.0,-1674417.2593854044
cges,pigs,HierarchicalClustering,2,c2,ALL_BROADCASTING,48.379,0.0,0.0,0.0,0.0,7.0,-1675534.5789077403
cges,pigs,HierarchicalClustering,2,c2,ALL_BROADCASTING,49.088,0.0,0.0,0.0,0.0,9.0,-1676132.3111721228
cges,pigs,HierarchicalClustering,2,c2,ALL_BROADCASTING,48.695,0.0,0.0,0.0,0.0,10.0,-1676448.1546391111
cges,pigs,HierarchicalClustering,2,c2,ALL_BROADCASTING,41.249,2.0,8.0,8.0,8.0,7.0,-1675063.770450777
cges,pigs,HierarchicalClustering,2,c2,ALL_BROADCASTING,45.702,0.0,0.0,0.0,0.0,10.0,-1675330.0507610266
cges,pigs,HierarchicalClustering,2,c2,ALL_BROADCASTING,43.104,0.0,0.0,0.0,0.0,8.0,-1677109.1303648788
cges,pigs,HierarchicalClustering,2,c2,ALL_BROADCASTING,53.326,0.0,0.0,0.0,0.0,8.0,-1675007.3443394247
cges,pigs,HierarchicalClustering,2,c2,ALL_BROADCASTING,44.965,8.0,26.0,26.0,26.0,7.0,-1675648.392735273
cges,pigs,HierarchicalClustering,2,c2,ALL_BROADCASTING,69.908,0.0,0.0,0.0,0.0,7.0,-18242876.72335876
cges,pigs,HierarchicalClustering,2,c2,NO_BROADCASTING,42.964,4.0,16.0,16.0,16.0,7.0,-1674267.4500865797
cges,pigs,HierarchicalClustering,2,c2,NO_BROADCASTING,47.63,4.0,14.0,14.0,14.0,8.0,-1673557.199965418
cges,pigs,HierarchicalClustering,2,c2,NO_BROADCASTING,41.988,0.0,0.0,0.0,0.0,9.0,-1674417.2593854044
cges,pigs,HierarchicalClustering,2,c2,NO_BROADCASTING,45.596,0.0,0.0,0.0,0.0,7.0,-1675534.5789077403
cges,pigs,HierarchicalClustering,2,c2,NO_BROADCASTING,41.417,0.0,0.0,0.0,0.0,9.0,-1676132.3111721228
cges,pigs,HierarchicalClustering,2,c2,NO_BROADCASTING,43.495,0.0,0.0,0.0,0.0,10.0,-1676448.1546391111
cges,pigs,HierarchicalClustering,2,c2,NO_BROADCASTING,39.692,2.0,8.0,8.0,8.0,7.0,-1675063.770450777
cges,pigs,HierarchicalClustering,2,c2,NO_BROADCASTING,39.789,4.0,12.0,12.0,12.0,9.0,-1675594.445730263
cges,pigs,HierarchicalClustering,2,c2,NO_BROADCASTING,41.607,0.0,0.0,0.0,0.0,8.0,-1677109.1303648788
cges,pigs,HierarchicalClustering,2,c2,NO_BROADCASTING,51.148,0.0,0.0,0.0,0.0,8.0,-1675007.3443394247
cges,pigs,HierarchicalClustering,2,c2,NO_BROADCASTING,42.322,8.0,26.0,26.0,26.0,7.0,-1675648.392735273
cges,pigs,HierarchicalClustering,2,c2,NO_BROADCASTING,65.913,0.0,0.0,0.0,0.0,7.0,-18242876.72335876
cges,pigs,HierarchicalClustering,2,c2,PAIR_BROADCASTING,41.969,6.0,12.0,12.0,12.0,7.0,-1674546.478960877
cges,pigs,HierarchicalClustering,2,c2,PAIR_BROADCASTING,51.218,0.0,0.0,0.0,0.0,10.0,-1673315.1900348298
cges,pigs,HierarchicalClustering,2,c2,PAIR_BROADCASTING,43.123,40.0,104.0,96.0,96.0,8.0,-1679464.963341915
cges,pigs,HierarchicalClustering,2,c2,PAIR_BROADCASTING,46.06,0.0,0.0,0.0,0.0,8.0,-1675586.5342685853
cges,pigs,HierarchicalClustering,2,c2,PAIR_BROADCASTING,46.259,3.0,8.0,8.0,8.0,11.0,-1677066.957975593
cges,pigs,HierarchicalClustering,2,c2,PAIR_BROADCASTING,42.18,12.0,34.0,32.0,32.0,9.0,-1677816.243232289
cges,pigs,HierarchicalClustering,2,c2,PAIR_BROADCASTING,45.864,3.0,8.0,6.0,6.0,11.0,-1675588.8381130926
cges,pigs,HierarchicalClustering,2,c2,PAIR_BROADCASTING,37.157,4.0,12.0,12.0,12.0,7.0,-1675505.1458661894
cges,pigs,HierarchicalClustering,2,c2,PAIR_BROADCASTING,37.848,7.0,18.0,14.0,14.0,7.0,-1678119.0079634662
cges,pigs,HierarchicalClustering,2,c2,PAIR_BROADCASTING,46.974,0.0,0.0,0.0,0.0,8.0,-1675114.7200129766
cges,pigs,HierarchicalClustering,2,c2,PAIR_BROADCASTING,44.977,8.0,26.0,26.0,26.0,8.0,-1675723.853414543
cges,pigs,HierarchicalClustering,2,c2,PAIR_BROADCASTING,83.573,17.0,46.0,44.0,44.0,13.0,-18247310.75805268
cges,pigs,HierarchicalClustering,4,c2,ALL_BROADCASTING,53.522,0.0,0.0,0.0,0.0,15.0,-1674057.8157735516
cges,pigs,HierarchicalClustering,4,c2,ALL_BROADCASTING,44.137,6.0,14.0,10.0,10.0,11.0,-1674402.8083053592
cges,pigs,HierarchicalClustering,4,c2,ALL_BROADCASTING,78.161,19.0,48.0,38.0,38.0,23.0,-1678311.1027431812
cges,pigs,HierarchicalClustering,4,c2,ALL_BROADCASTING,54.866,11.0,30.0,28.0,28.0,16.0,-1677267.743720572
cges,pigs,HierarchicalClustering,4,c2,ALL_BROADCASTING,59.347,34.0,100.0,90.0,90.0,17.0,-1680084.290090396
cges,pigs,HierarchicalClustering,4,c2,ALL_BROADCASTING,89.812,4.0,16.0,16.0,16.0,28.0,-1677282.285585156
cges,pigs,HierarchicalClustering,4,c2,ALL_BROADCASTING,59.896,55.0,140.0,138.0,138.0,17.0,-1679916.671072123
cges,pigs,HierarchicalClustering,4,c2,ALL_BROADCASTING,60.06,4.0,16.0,16.0,16.0,17.0,-1675734.1918132375
cges,pigs,HierarchicalClustering,4,c2,ALL_BROADCASTING,53.622,3.0,8.0,8.0,8.0,14.0,-1677850.6587643824
cges,pigs,HierarchicalClustering,4,c2,ALL_BROADCASTING,45.023,6.0,12.0,8.0,8.0,12.0,-1676910.3862261756
cges,pigs,HierarchicalClustering,4,c2,ALL_BROADCASTING,70.341,12.0,34.0,30.0,30.0,21.0,-1676973.7796145084
cges,pigs,HierarchicalClustering,4,c2,ALL_BROADCASTING,124.19,1.0,4.0,4.0,4.0,23.0,-18243518.03435596
cges,pigs,HierarchicalClustering,4,c2,NO_BROADCASTING,34.614,0.0,0.0,0.0,0.0,14.0,-1674248.3219631664
cges,pigs,HierarchicalClustering,4,c2,NO_BROADCASTING,29.492,0.0,0.0,0.0,0.0,10.0,-1673072.5643932817
cges,pigs,HierarchicalClustering,4,c2,NO_BROADCASTING,34.807,13.0,52.0,52.0,52.0,15.0,-1675705.698767508
cges,pigs,HierarchicalClustering,4,c2,NO_BROADCASTING,28.069,4.0,16.0,16.0,16.0,11.0,-1676009.5863330886
cges,pigs,HierarchicalClustering,4,c2,NO_BROADCASTING,37.581,7.0,28.0,28.0,28.0,17.0,-1676933.9090211124
cges,pigs,HierarchicalClustering,4,c2,NO_BROADCASTING,29.692,1.0,4.0,4.0,4.0,11.0,-1676776.6687718292
cges,pigs,HierarchicalClustering,4,c2,NO_BROADCASTING,26.905,11.0,34.0,32.0,32.0,10.0,-1676011.1041376437
cges,pigs,HierarchicalClustering,4,c2,NO_BROADCASTING,27.13,1.0,4.0,4.0,4.0,11.0,-1675337.5463063212
cges,pigs,HierarchicalClustering,4,c2,NO_BROADCASTING,29.181,4.0,16.0,16.0,16.0,11.0,-1677477.7163221058
cges,pigs,HierarchicalClustering,4,c2,NO_BROADCASTING,35.044,3.0,8.0,8.0,8.0,15.0,-1675918.8593104456
cges,pigs,HierarchicalClustering,4,c2,NO_BROADCASTING,26.921,0.0,0.0,0.0,0.0,9.0,-1674836.9389806504
cges,pigs,HierarchicalClustering,4,c2,NO_BROADCASTING,61.838,0.0,0.0,0.0,0.0,11.0,-18242847.183643643
cges,pigs,HierarchicalClustering,4,c2,PAIR_BROADCASTING,48.644,6.0,18.0,16.0,16.0,22.0,-1674862.1924393026
cges,pigs,HierarchicalClustering,4,c2,PAIR_BROADCASTING,35.365,0.0,0.0,0.0,0.0,12.0,-1673385.87883527
cges,pigs,HierarchicalClustering,4,c2,PAIR_BROADCASTING,67.661,7.0,28.0,28.0,28.0,33.0,-1675597.893894892
cges,pigs,HierarchicalClustering,4,c2,PAIR_BROADCASTING,27.405,16.0,46.0,42.0,42.0,9.0,-1677486.3116577475
cges,pigs,HierarchicalClustering,4,c2,PAIR_BROADCASTING,42.34,2.0,8.0,8.0,8.0,19.0,-1676852.888658215
cges,pigs,HierarchicalClustering,4,c2,PAIR_BROADCASTING,58.11,5.0,20.0,20.0,20.0,25.0,-1677406.0235202946
cges,pigs,HierarchicalClustering,4,c2,PAIR_BROADCASTING,39.189,7.0,22.0,22.0,22.0,16.0,-1675840.6208667418
cges,pigs,HierarchicalClustering,4,c2,PAIR_BROADCASTING,59.014,9.0,30.0,30.0,30.0,28.0,-1676383.7584019832
cges,pigs,HierarchicalClustering,4,c2,PAIR_BROADCASTING,32.374,4.0,16.0,16.0,16.0,11.0,-1677814.8199181797
cges,pigs,HierarchicalClustering,4,c2,PAIR_BROADCASTING,49.086,10.0,26.0,26.0,26.0,20.0,-1676375.6491540803
cges,pigs,HierarchicalClustering,4,c2,PAIR_BROADCASTING,27.692,7.0,30.0,30.0,30.0,9.0,-1675922.6410336022
cges,pigs,HierarchicalClustering,4,c2,PAIR_BROADCASTING,125.415,3.0,12.0,12.0,12.0,23.0,-18243824.419053063
cges,pigs,HierarchicalClustering,8,c2,ALL_BROADCASTING,145.328,8.0,24.0,24.0,24.0,31.0,-1675574.8619706396
cges,pigs,HierarchicalClustering,8,c2,ALL_BROADCASTING,136.113,24.0,68.0,60.0,60.0,29.0,-1677948.1262762088
cges,pigs,HierarchicalClustering,8,c2,ALL_BROADCASTING,92.98,28.0,82.0,74.0,74.0,21.0,-1679541.3005211772
cges,pigs,HierarchicalClustering,8,c2,ALL_BROADCASTING,38.142,34.0,90.0,76.0,76.0,9.0,-1690273.8216354118
cges,pigs,HierarchicalClustering,8,c2,ALL_BROADCASTING,96.936,39.0,92.0,82.0,82.0,22.0,-1683041.7399510285
cges,pigs,HierarchicalClustering,8,c2,ALL_BROADCASTING,177.046,38.0,90.0,72.0,72.0,41.0,-1681708.4246777256
cges,pigs,HierarchicalClustering,8,c2,ALL_BROADCASTING,139.746,11.0,38.0,38.0,38.0,23.0,-1676860.51548899
cges,pigs,HierarchicalClustering,8,c2,ALL_BROADCASTING,89.803,5.0,14.0,12.0,12.0,22.0,-1677974.5357591114
cges,pigs,HierarchicalClustering,8,c2,ALL_BROADCASTING,203.743,48.0,116.0,100.0,100.0,40.0,-1684074.260057591
cges,pigs,HierarchicalClustering,8,c2,ALL_BROADCASTING,171.56,12.0,42.0,42.0,42.0,39.0,-1676498.0555734443
cges,pigs,HierarchicalClustering,8,c2,ALL_BROADCASTING,215.355,0.0,0.0,0.0,0.0,31.0,-18243784.461785227
cges,pigs,HierarchicalClustering,8,c2,NO_BROADCASTING,48.528,0.0,0.0,0.0,0.0,27.0,-1674344.2677983656
cges,pigs,HierarchicalClustering,8,c2,NO_BROADCASTING,34.489,0.0,0.0,0.0,0.0,18.0,-1673151.698798776
cges,pigs,HierarchicalClustering,8,c2,NO_BROADCASTING,38.481,7.0,28.0,28.0,28.0,20.0,-1675390.1000408055
cges,pigs,HierarchicalClustering,8,c2,NO_BROADCASTING,38.608,4.0,16.0,16.0,16.0,20.0,-1676084.7964405387
cges,pigs,HierarchicalClustering,8,c2,NO_BROADCASTING,33.271,11.0,44.0,44.0,44.0,17.0,-1677321.1576056574
cges,pigs,HierarchicalClustering,8,c2,NO_BROADCASTING,36.77,4.0,16.0,16.0,16.0,19.0,-1676997.9811577883
cges,pigs,HierarchicalClustering,8,c2,NO_BROADCASTING,38.816,3.0,6.0,6.0,6.0,20.0,-1675392.5256381882
cges,pigs,HierarchicalClustering,8,c2,NO_BROADCASTING,28.387,4.0,12.0,12.0,12.0,13.0,-1676231.241520619
cges,pigs,HierarchicalClustering,8,c2,NO_BROADCASTING,37.522,9.0,34.0,34.0,34.0,20.0,-1678130.7205815697
cges,pigs,HierarchicalClustering,8,c2,NO_BROADCASTING,36.136,17.0,56.0,54.0,54.0,18.0,-1677204.9048846727
cges,pigs,HierarchicalClustering,8,c2,NO_BROADCASTING,36.138,11.0,38.0,36.0,36.0,19.0,-1676110.987135883
cges,pigs,HierarchicalClustering,8,c2,NO_BROADCASTING,77.114,1.0,4.0,4.0,4.0,15.0,-18243035.233577967
cges,pigs,HierarchicalClustering,8,c2,PAIR_BROADCASTING,145.352,16.0,52.0,52.0,52.0,32.0,-1676209.3469797373
cges,pigs,HierarchicalClustering,8,c2,PAIR_BROADCASTING,150.18,10.0,40.0,40.0,40.0,33.0,-1674672.5569767605
cges,pigs,HierarchicalClustering,8,c2,PAIR_BROADCASTING,128.172,11.0,40.0,40.0,40.0,26.0,-1676371.4805767452
cges,pigs,HierarchicalClustering,8,c2,PAIR_BROADCASTING,84.363,4.0,16.0,16.0,16.0,20.0,-1676569.3825287805
cges,pigs,HierarchicalClustering,8,c2,PAIR_BROADCASTING,243.645,13.0,46.0,46.0,46.0,51.0,-1677997.4320156164
cges,pigs,HierarchicalClustering,8,c2,PAIR_BROADCASTING,156.247,13.0,38.0,34.0,34.0,32.0,-1678538.04450263
cges,pigs,HierarchicalClustering,8,c2,PAIR_BROADCASTING,115.094,9.0,30.0,30.0,30.0,26.0,-1676418.636738187
cges,pigs,HierarchicalClustering,8,c2,PAIR_BROADCASTING,133.468,1.0,4.0,4.0,4.0,31.0,-1675910.6715516448
cges,pigs,HierarchicalClustering,8,c2,PAIR_BROADCASTING,202.475,11.0,44.0,44.0,44.0,42.0,-1678883.0919978025
cges,pigs,HierarchicalClustering,8,c2,PAIR_BROADCASTING,232.136,7.0,20.0,18.0,18.0,48.0,-1676545.1957360078
cges,pigs,HierarchicalClustering,8,c2,PAIR_BROADCASTING,241.469,9.0,32.0,32.0,32.0,50.0,-1676508.849554032
cges,pigs,HierarchicalClustering,8,c2,PAIR_BROADCASTING,243.644,1.0,4.0,4.0,4.0,35.0,-18244026.883932754
