algName,netName,clusteringName,numberOfRealThreads,convergence,broadcasting,database,elapsedTime(s),shd,dfMM_avg,dfMM_plus,dfMM_minus,iterations,bdeu
cges,andes,HierarchicalClustering,1,c2,ALL_BROADCASTING,andes00,11.863,149.0,322.0,0.0,0.0,4.0,-472072.8423489266
cges,andes,HierarchicalClustering,1,c2,ALL_BROADCASTING,andes01,11.811,150.0,326.0,0.0,0.0,4.0,-472011.273898296
cges,andes,HierarchicalClustering,1,c2,ALL_BROADCASTING,andes02,12.012,136.0,294.0,0.0,0.0,5.0,-471837.04529009917
cges,andes,HierarchicalClustering,1,c2,ALL_BROADCASTING,andes03,11.72,156.0,336.0,10.0,10.0,4.0,-470899.40258606017
cges,andes,HierarchicalClustering,1,c2,ALL_BROADCASTING,andes04,11.752,150.0,322.0,10.0,10.0,4.0,-470960.83885581646
cges,andes,HierarchicalClustering,1,c2,ALL_BROADCASTING,andes05,12.023,142.0,306.0,6.0,6.0,4.0,-471612.2675430423
cges,andes,HierarchicalClustering,1,c2,ALL_BROADCASTING,andes06,10.907,142.0,306.0,6.0,6.0,3.0,-471052.5375326059
cges,andes,HierarchicalClustering,1,c2,ALL_BROADCASTING,andes07,11.322,158.0,340.0,8.0,8.0,4.0,-471644.9594460438
cges,andes,HierarchicalClustering,1,c2,ALL_BROADCASTING,andes08,10.696,160.0,346.0,6.0,6.0,3.0,-472320.787106387
cges,andes,HierarchicalClustering,1,c2,ALL_BROADCASTING,andes09,11.597,150.0,324.0,4.0,4.0,4.0,-471748.05979093595
cges,andes,HierarchicalClustering,1,c2,ALL_BROADCASTING,andes10,11.566,164.0,354.0,10.0,10.0,4.0,-471665.81369321677
cges,andes,HierarchicalClustering,1,c2,ALL_BROADCASTING,andes_ALL,22.782,34.0,68.0,10.0,10.0,4.0,-5126184.995006869
cges,andes,HierarchicalClustering,1,c2,NO_BROADCASTING,andes00,11.673,149.0,322.0,0.0,0.0,4.0,-472072.8423489266
cges,andes,HierarchicalClustering,1,c2,NO_BROADCASTING,andes01,11.327,150.0,326.0,0.0,0.0,4.0,-472011.273898296
cges,andes,HierarchicalClustering,1,c2,NO_BROADCASTING,andes02,11.5,136.0,294.0,0.0,0.0,5.0,-471837.04529009917
cges,andes,HierarchicalClustering,1,c2,NO_BROADCASTING,andes03,10.628,156.0,336.0,10.0,10.0,4.0,-470899.40258606017
cges,andes,HierarchicalClustering,1,c2,NO_BROADCASTING,andes04,11.402,150.0,322.0,10.0,10.0,4.0,-470960.83885581646
cges,andes,HierarchicalClustering,1,c2,NO_BROADCASTING,andes05,11.866,142.0,306.0,6.0,6.0,4.0,-471612.2675430423
cges,andes,HierarchicalClustering,1,c2,NO_BROADCASTING,andes06,10.671,142.0,306.0,6.0,6.0,3.0,-471052.5375326059
cges,andes,HierarchicalClustering,1,c2,NO_BROADCASTING,andes07,10.812,158.0,340.0,8.0,8.0,4.0,-471644.9594460438
cges,andes,HierarchicalClustering,1,c2,NO_BROADCASTING,andes08,10.95,160.0,346.0,6.0,6.0,3.0,-472320.787106387
cges,andes,HierarchicalClustering,1,c2,NO_BROADCASTING,andes09,11.381,150.0,324.0,4.0,4.0,4.0,-471748.05979093595
cges,andes,HierarchicalClustering,1,c2,NO_BROADCASTING,andes10,10.924,164.0,354.0,10.0,10.0,4.0,-471665.81369321677
cges,andes,HierarchicalClustering,1,c2,NO_BROADCASTING,andes_ALL,23.168,34.0,68.0,10.0,10.0,4.0,-5126184.995006869
cges,andes,HierarchicalClustering,1,c2,PAIR_BROADCASTING,andes00,11.25,149.0,322.0,0.0,0.0,4.0,-472072.8423489266
cges,andes,HierarchicalClustering,1,c2,PAIR_BROADCASTING,andes01,11.248,150.0,326.0,0.0,0.0,4.0,-472011.273898296
cges,andes,HierarchicalClustering,1,c2,PAIR_BROADCASTING,andes02,11.724,136.0,294.0,0.0,0.0,4.0,-471837.04529009917
cges,andes,HierarchicalClustering,1,c2,PAIR_BROADCASTING,andes03,10.952,156.0,336.0,10.0,10.0,4.0,-470899.4025860602
cges,andes,HierarchicalClustering,1,c2,PAIR_BROADCASTING,andes04,11.109,150.0,322.0,10.0,10.0,4.0,-470960.83885581646
cges,andes,HierarchicalClustering,1,c2,PAIR_BROADCASTING,andes05,12.46,142.0,306.0,6.0,6.0,4.0,-471612.2675430423
cges,andes,HierarchicalClustering,1,c2,PAIR_BROADCASTING,andes06,10.713,142.0,306.0,6.0,6.0,3.0,-471052.5375326059
cges,andes,HierarchicalClustering,1,c2,PAIR_BROADCASTING,andes07,11.523,158.0,340.0,8.0,8.0,4.0,-471644.9594460438
cges,andes,HierarchicalClustering,1,c2,PAIR_BROADCASTING,andes08,10.296,160.0,346.0,6.0,6.0,3.0,-472320.787106387
cges,andes,HierarchicalClustering,1,c2,PAIR_BROADCASTING,andes09,11.294,150.0,324.0,4.0,4.0,4.0,-471748.05979093595
cges,andes,HierarchicalClustering,1,c2,PAIR_BROADCASTING,andes10,11.49,164.0,354.0,10.0,10.0,4.0,-471665.81369321677
cges,andes,HierarchicalClustering,1,c2,PAIR_BROADCASTING,andes_ALL,23.025,34.0,68.0,10.0,10.0,4.0,-5126184.995006869
cges,andes,HierarchicalClustering,2,c2,ALL_BROADCASTING,andes00,7.243,163.0,350.0,14.0,14.0,5.0,-472193.0139388875
cges,andes,HierarchicalClustering,2,c2,ALL_BROADCASTING,andes01,7.532,199.0,432.0,62.0,62.0,5.0,-473076.4152112364
cges,andes,HierarchicalClustering,2,c2,ALL_BROADCASTING,andes02,9.416,156.0,338.0,34.0,34.0,8.0,-472194.02881658706
cges,andes,HierarchicalClustering,2,c2,ALL_BROADCASTING,andes03,7.993,166.0,368.0,40.0,40.0,6.0,-471062.8548693815
cges,andes,HierarchicalClustering,2,c2,ALL_BROADCASTING,andes04,7.574,158.0,338.0,16.0,16.0,5.0,-471159.14802795294
cges,andes,HierarchicalClustering,2,c2,ALL_BROADCASTING,andes05,8.171,142.0,306.0,6.0,6.0,6.0,-471649.5212536675
cges,andes,HierarchicalClustering,2,c2,ALL_BROADCASTING,andes06,8.794,183.0,406.0,90.0,90.0,6.0,-471929.5704682026
cges,andes,HierarchicalClustering,2,c2,ALL_BROADCASTING,andes07,9.659,198.0,432.0,78.0,78.0,6.0,-472558.4033300515
cges,andes,HierarchicalClustering,2,c2,ALL_BROADCASTING,andes08,7.539,160.0,346.0,6.0,6.0,6.0,-472344.4514216369
cges,andes,HierarchicalClustering,2,c2,ALL_BROADCASTING,andes09,9.08,153.0,330.0,10.0,10.0,7.0,-471837.2882756361
cges,andes,HierarchicalClustering,2,c2,ALL_BROADCASTING,andes10,7.777,164.0,354.0,10.0,10.0,5.0,-471715.21167130437
cges,andes,HierarchicalClustering,2,c2,ALL_BROADCASTING,andes_ALL,21.003,42.0,84.0,18.0,18.0,7.0,-5126311.638530005
cges,andes,HierarchicalClustering,2,c2,NO_BROADCASTING,andes00,7.58,163.0,350.0,14.0,14.0,7.0,-472182.40458261856
cges,andes,HierarchicalClustering,2,c2,NO_BROADCASTING,andes01,8.019,164.0,354.0,28.0,28.0,6.0,-472289.7296593108
cges,andes,HierarchicalClustering,2,c2,NO_BROADCASTING,andes02,8.12,150.0,326.0,22.0,22.0,8.0,-472017.41520068387
cges,andes,HierarchicalClustering,2,c2,NO_BROADCASTING,andes03,7.599,166.0,368.0,40.0,40.0,6.0,-471062.8548693815
cges,andes,HierarchicalClustering,2,c2,NO_BROADCASTING,andes04,8.305,152.0,328.0,16.0,16.0,8.0,-471030.75603848894
cges,andes,HierarchicalClustering,2,c2,NO_BROADCASTING,andes05,7.565,142.0,306.0,6.0,6.0,6.0,-471649.5212536675
cges,andes,HierarchicalClustering,2,c2,NO_BROADCASTING,andes06,7.214,172.0,372.0,40.0,40.0,5.0,-472695.34178907576
cges,andes,HierarchicalClustering,2,c2,NO_BROADCASTING,andes07,7.691,175.0,374.0,30.0,30.0,7.0,-472149.501793212
cges,andes,HierarchicalClustering,2,c2,NO_BROADCASTING,andes08,7.31,160.0,346.0,6.0,6.0,5.0,-472344.4514216369
cges,andes,HierarchicalClustering,2,c2,NO_BROADCASTING,andes09,8.42,153.0,330.0,10.0,10.0,7.0,-471837.2882756361
cges,andes,HierarchicalClustering,2,c2,NO_BROADCASTING,andes10,7.034,164.0,354.0,10.0,10.0,5.0,-471715.21167130437
cges,andes,HierarchicalClustering,2,c2,NO_BROADCASTING,andes_ALL,20.561,42.0,84.0,18.0,18.0,7.0,-5126311.638530005
cges,andes,HierarchicalClustering,2,c2,PAIR_BROADCASTING,andes00,7.044,246.0,522.0,94.0,94.0,4.0,-473651.67116266076
cges,andes,HierarchicalClustering,2,c2,PAIR_BROADCASTING,andes01,7.688,213.0,458.0,48.0,48.0,4.0,-473497.367719649
cges,andes,HierarchicalClustering,2,c2,PAIR_BROADCASTING,andes02,8.579,228.0,534.0,186.0,186.0,5.0,-474662.4922460762
cges,andes,HierarchicalClustering,2,c2,PAIR_BROADCASTING,andes03,8.464,167.0,360.0,32.0,32.0,7.0,-471120.9207607958
cges,andes,HierarchicalClustering,2,c2,PAIR_BROADCASTING,andes04,7.218,152.0,326.0,14.0,14.0,6.0,-471044.5395401737
cges,andes,HierarchicalClustering,2,c2,PAIR_BROADCASTING,andes05,8.033,148.0,320.0,12.0,12.0,7.0,-471871.7335928835
cges,andes,HierarchicalClustering,2,c2,PAIR_BROADCASTING,andes06,11.079,201.0,462.0,136.0,136.0,11.0,-472449.2061265302
cges,andes,HierarchicalClustering,2,c2,PAIR_BROADCASTING,andes07,8.155,270.0,582.0,130.0,130.0,4.0,-475195.3925300189
cges,andes,HierarchicalClustering,2,c2,PAIR_BROADCASTING,andes08,6.512,161.0,350.0,10.0,10.0,5.0,-472423.4253870968
cges,andes,HierarchicalClustering,2,c2,PAIR_BROADCASTING,andes09,8.021,167.0,372.0,42.0,42.0,8.0,-472505.4138264875
cges,andes,HierarchicalClustering,2,c2,PAIR_BROADCASTING,andes10,8.792,268.0,592.0,130.0,130.0,4.0,-474731.76677369815
cges,andes,HierarchicalClustering,2,c2,PAIR_BROADCASTING,andes_ALL,21.956,250.0,590.0,204.0,204.0,4.0,-5153735.469027237
cges,andes,HierarchicalClustering,4,c2,ALL_BROADCASTING,andes00,12.433,180.0,392.0,48.0,48.0,14.0,-472932.90499656537
cges,andes,HierarchicalClustering,4,c2,ALL_BROADCASTING,andes01,9.677,180.0,390.0,58.0,58.0,9.0,-472857.09307751333
cges,andes,HierarchicalClustering,4,c2,ALL_BROADCASTING,andes02,12.059,171.0,368.0,18.0,18.0,14.0,-473158.5867368952
cges,andes,HierarchicalClustering,4,c2,ALL_BROADCASTING,andes03,11.951,169.0,370.0,32.0,32.0,12.0,-471248.9844409154
cges,andes,HierarchicalClustering,4,c2,ALL_BROADCASTING,andes04,8.299,241.0,556.0,152.0,152.0,7.0,-473460.8057889922
cges,andes,HierarchicalClustering,4,c2,ALL_BROADCASTING,andes05,13.472,159.0,342.0,28.0,28.0,13.0,-474125.90719528426
cges,andes,HierarchicalClustering,4,c2,ALL_BROADCASTING,andes06,13.302,170.0,388.0,82.0,82.0,15.0,-471882.3902410168
cges,andes,HierarchicalClustering,4,c2,ALL_BROADCASTING,andes07,8.239,257.0,628.0,240.0,240.0,7.0,-474777.16886479623
cges,andes,HierarchicalClustering,4,c2,ALL_BROADCASTING,andes08,11.455,209.0,446.0,46.0,46.0,10.0,-474035.0816719822
cges,andes,HierarchicalClustering,4,c2,ALL_BROADCASTING,andes09,10.7,161.0,346.0,18.0,18.0,13.0,-472248.92801420833
cges,andes,HierarchicalClustering,4,c2,ALL_BROADCASTING,andes10,13.348,171.0,370.0,28.0,28.0,11.0,-472192.25974001695
cges,andes,HierarchicalClustering,4,c2,ALL_BROADCASTING,andes_ALL,25.519,328.0,936.0,606.0,606.0,7.0,-5169841.371319356
cges,andes,HierarchicalClustering,4,c2,NO_BROADCASTING,andes00,7.812,174.0,374.0,28.0,28.0,12.0,-472303.53590765386
cges,andes,HierarchicalClustering,4,c2,NO_BROADCASTING,andes01,7.69,153.0,332.0,6.0,6.0,10.0,-472123.53621596174
cges,andes,HierarchicalClustering,4,c2,NO_BROADCASTING,andes02,6.664,149.0,322.0,4.0,4.0,8.0,-472064.64623823593
cges,andes,HierarchicalClustering,4,c2,NO_BROADCASTING,andes03,7.369,159.0,344.0,14.0,14.0,10.0,-471097.7762348505
cges,andes,HierarchicalClustering,4,c2,NO_BROADCASTING,andes04,6.328,170.0,368.0,48.0,48.0,8.0,-471193.88579983276
cges,andes,HierarchicalClustering,4,c2,NO_BROADCASTING,andes05,8.069,154.0,330.0,20.0,20.0,12.0,-471721.8613723275
cges,andes,HierarchicalClustering,4,c2,NO_BROADCASTING,andes06,7.79,145.0,314.0,14.0,14.0,10.0,-471313.44101688405
cges,andes,HierarchicalClustering,4,c2,NO_BROADCASTING,andes07,8.017,180.0,398.0,58.0,58.0,10.0,-472095.5687966837
cges,andes,HierarchicalClustering,4,c2,NO_BROADCASTING,andes08,7.269,166.0,360.0,12.0,12.0,9.0,-472587.6233006542
cges,andes,HierarchicalClustering,4,c2,NO_BROADCASTING,andes09,6.314,159.0,342.0,16.0,16.0,7.0,-471819.26560029073
cges,andes,HierarchicalClustering,4,c2,NO_BROADCASTING,andes10,7.633,172.0,376.0,32.0,32.0,11.0,-471985.8572643096
cges,andes,HierarchicalClustering,4,c2,NO_BROADCASTING,andes_ALL,22.235,225.0,704.0,600.0,600.0,7.0,-5138291.255824916
cges,andes,HierarchicalClustering,4,c2,PAIR_BROADCASTING,andes00,8.459,256.0,594.0,160.0,160.0,6.0,-475896.81990500155
cges,andes,HierarchicalClustering,4,c2,PAIR_BROADCASTING,andes01,15.998,230.0,496.0,42.0,42.0,12.0,-476985.54525873857
cges,andes,HierarchicalClustering,4,c2,PAIR_BROADCASTING,andes02,19.21,177.0,384.0,38.0,38.0,22.0,-473966.72162432986
cges,andes,HierarchicalClustering,4,c2,PAIR_BROADCASTING,andes03,16.244,225.0,502.0,116.0,116.0,10.0,-473758.2933435627
cges,andes,HierarchicalClustering,4,c2,PAIR_BROADCASTING,andes04,10.258,273.0,720.0,356.0,356.0,7.0,-475030.8595309159
cges,andes,HierarchicalClustering,4,c2,PAIR_BROADCASTING,andes05,10.248,281.0,680.0,336.0,336.0,7.0,-475648.2138968007
cges,andes,HierarchicalClustering,4,c2,PAIR_BROADCASTING,andes06,10.751,302.0,832.0,472.0,472.0,7.0,-475869.89774988405
cges,andes,HierarchicalClustering,4,c2,PAIR_BROADCASTING,andes07,9.105,247.0,574.0,152.0,152.0,7.0,-475194.67069020774
cges,andes,HierarchicalClustering,4,c2,PAIR_BROADCASTING,andes08,10.143,251.0,638.0,286.0,286.0,8.0,-475549.78778162017
cges,andes,HierarchicalClustering,4,c2,PAIR_BROADCASTING,andes09,30.405,181.0,404.0,62.0,62.0,20.0,-474168.83474352735
cges,andes,HierarchicalClustering,4,c2,PAIR_BROADCASTING,andes10,15.652,199.0,450.0,88.0,88.0,12.0,-473557.40430185455
cges,andes,HierarchicalClustering,4,c2,PAIR_BROADCASTING,andes_ALL,28.662,336.0,1072.0,770.0,770.0,7.0,-5151482.497034575
cges,andes,HierarchicalClustering,8,c2,ALL_BROADCASTING,andes00,24.85,245.0,526.0,62.0,62.0,15.0,-474284.64841930236
cges,andes,HierarchicalClustering,8,c2,ALL_BROADCASTING,andes01,10.033,232.0,540.0,164.0,164.0,9.0,-474844.56199268176
cges,andes,HierarchicalClustering,8,c2,ALL_BROADCASTING,andes02,9.712,256.0,584.0,250.0,250.0,7.0,-477761.4998466167
cges,andes,HierarchicalClustering,8,c2,ALL_BROADCASTING,andes03,25.02,184.0,404.0,46.0,46.0,21.0,-472188.8690430014
cges,andes,HierarchicalClustering,8,c2,ALL_BROADCASTING,andes04,17.851,171.0,376.0,54.0,54.0,17.0,-472085.3264764615
cges,andes,HierarchicalClustering,8,c2,ALL_BROADCASTING,andes05,15.833,153.0,340.0,30.0,30.0,13.0,-471917.7670319943
cges,andes,HierarchicalClustering,8,c2,ALL_BROADCASTING,andes06,12.026,177.0,378.0,54.0,54.0,11.0,-471762.70511614106
cges,andes,HierarchicalClustering,8,c2,ALL_BROADCASTING,andes07,17.964,191.0,408.0,76.0,76.0,15.0,-472872.25918355415
cges,andes,HierarchicalClustering,8,c2,ALL_BROADCASTING,andes08,16.339,239.0,524.0,130.0,130.0,10.0,-474789.99718788895
cges,andes,HierarchicalClustering,8,c2,ALL_BROADCASTING,andes09,8.861,296.0,638.0,172.0,172.0,7.0,-476198.92340954643
cges,andes,HierarchicalClustering,8,c2,ALL_BROADCASTING,andes10,11.277,258.0,566.0,108.0,108.0,9.0,-476161.6128065773
cges,andes,HierarchicalClustering,8,c2,ALL_BROADCASTING,andes_ALL,21.621,293.0,638.0,246.0,246.0,7.0,-5177385.126212496
cges,andes,HierarchicalClustering,8,c2,NO_BROADCASTING,andes00,11.309,181.0,402.0,62.0,62.0,18.0,-472487.8506219526
cges,andes,HierarchicalClustering,8,c2,NO_BROADCASTING,andes01,12.768,169.0,372.0,42.0,42.0,18.0,-472850.19147571496
cges,andes,HierarchicalClustering,8,c2,NO_BROADCASTING,andes02,10.114,136.0,294.0,0.0,0.0,17.0,-471898.35686223255
cges,andes,HierarchicalClustering,8,c2,NO_BROADCASTING,andes03,8.138,160.0,344.0,18.0,18.0,13.0,-470984.8189851061
cges,andes,HierarchicalClustering,8,c2,NO_BROADCASTING,andes04,8.553,160.0,342.0,24.0,24.0,12.0,-471399.41963858966
cges,andes,HierarchicalClustering,8,c2,NO_BROADCASTING,andes05,8.342,157.0,346.0,42.0,42.0,13.0,-471878.1647949719
cges,andes,HierarchicalClustering,8,c2,NO_BROADCASTING,andes06,9.673,153.0,338.0,28.0,28.0,15.0,-471400.10268448654
cges,andes,HierarchicalClustering,8,c2,NO_BROADCASTING,andes07,10.8,158.0,340.0,8.0,8.0,17.0,-471711.6303479586
cges,andes,HierarchicalClustering,8,c2,NO_BROADCASTING,andes08,9.744,177.0,384.0,34.0,34.0,13.0,-472819.83069906477
cges,andes,HierarchicalClustering,8,c2,NO_BROADCASTING,andes09,8.994,177.0,396.0,68.0,68.0,15.0,-472305.0927882494
cges,andes,HierarchicalClustering,8,c2,NO_BROADCASTING,andes10,11.192,179.0,388.0,34.0,34.0,20.0,-472129.9434281714
cges,andes,HierarchicalClustering,8,c2,NO_BROADCASTING,andes_ALL,26.563,209.0,492.0,266.0,266.0,10.0,-5152589.529582494
cges,andes,HierarchicalClustering,8,c2,PAIR_BROADCASTING,andes00,21.745,200.0,448.0,66.0,66.0,13.0,-474090.83513401693
cges,andes,HierarchicalClustering,8,c2,PAIR_BROADCASTING,andes01,35.292,190.0,438.0,104.0,104.0,15.0,-473543.4284383656
cges,andes,HierarchicalClustering,8,c2,PAIR_BROADCASTING,andes02,13.514,295.0,772.0,434.0,434.0,9.0,-475584.541546053
cges,andes,HierarchicalClustering,8,c2,PAIR_BROADCASTING,andes03,15.552,220.0,502.0,124.0,124.0,11.0,-473520.63080814586
cges,andes,HierarchicalClustering,8,c2,PAIR_BROADCASTING,andes04,13.788,276.0,688.0,322.0,322.0,9.0,-474341.63173823414
cges,andes,HierarchicalClustering,8,c2,PAIR_BROADCASTING,andes05,12.971,263.0,630.0,292.0,292.0,10.0,-475065.54938601673
cges,andes,HierarchicalClustering,8,c2,PAIR_BROADCASTING,andes06,30.31,174.0,398.0,72.0,72.0,18.0,-473092.83720190683
cges,andes,HierarchicalClustering,8,c2,PAIR_BROADCASTING,andes07,15.427,242.0,562.0,180.0,180.0,12.0,-474026.05163785064
cges,andes,HierarchicalClustering,8,c2,PAIR_BROADCASTING,andes08,15.812,244.0,598.0,206.0,206.0,11.0,-474942.6370935732
cges,andes,HierarchicalClustering,8,c2,PAIR_BROADCASTING,andes09,18.261,211.0,480.0,132.0,132.0,15.0,-473933.7912228608
cges,andes,HierarchicalClustering,8,c2,PAIR_BROADCASTING,andes10,18.464,273.0,678.0,276.0,276.0,10.0,-475480.9597644312
cges,andes,HierarchicalClustering,8,c2,PAIR_BROADCASTING,andes_ALL,43.066,431.0,1218.0,896.0,896.0,9.0,-5177590.2685844945
cges,link,HierarchicalClustering,1,c2,ALL_BROADCASTING,link00,388.0,898.0,1830.0,556.0,556.0,6.0,-1125675.1968383125
cges,link,HierarchicalClustering,1,c2,ALL_BROADCASTING,link01,408.081,976.0,2038.0,696.0,696.0,5.0,-1150963.9822840565
cges,link,HierarchicalClustering,1,c2,ALL_BROADCASTING,link02,420.072,962.0,1960.0,644.0,644.0,5.0,-1141799.6554619665
cges,link,HierarchicalClustering,1,c2,ALL_BROADCASTING,link03,408.503,987.0,2024.0,692.0,692.0,6.0,-1143733.4141397867
cges,link,HierarchicalClustering,1,c2,ALL_BROADCASTING,link04,415.341,967.0,1976.0,670.0,670.0,5.0,-1136835.048538122
cges,link,HierarchicalClustering,1,c2,ALL_BROADCASTING,link05,456.596,952.0,1938.0,676.0,676.0,6.0,-1140464.417277376
cges,link,HierarchicalClustering,1,c2,ALL_BROADCASTING,link06,414.713,979.0,1996.0,678.0,678.0,6.0,-1140026.121585102
cges,link,HierarchicalClustering,1,c2,ALL_BROADCASTING,link07,414.837,929.0,1904.0,600.0,600.0,5.0,-1136673.9702109275
cges,link,HierarchicalClustering,1,c2,ALL_BROADCASTING,link08,403.871,1005.0,2082.0,730.0,730.0,6.0,-1154964.9811219007
cges,link,HierarchicalClustering,1,c2,ALL_BROADCASTING,link09,422.94,925.0,1866.0,582.0,582.0,6.0,-1129933.8504797688
cges,link,HierarchicalClustering,1,c2,ALL_BROADCASTING,link10,428.464,921.0,1878.0,598.0,598.0,6.0,-1128579.9759764282
cges,link,HierarchicalClustering,1,c2,ALL_BROADCASTING,link_ALL,546.912,668.0,1368.0,436.0,436.0,5.0,-1.1847254569155417E7
cges,link,HierarchicalClustering,1,c2,NO_BROADCASTING,link00,418.388,898.0,1830.0,556.0,556.0,6.0,-1125675.1968383125
cges,link,HierarchicalClustering,1,c2,NO_BROADCASTING,link01,408.521,976.0,2038.0,696.0,696.0,5.0,-1150963.9822840565
cges,link,HierarchicalClustering,1,c2,NO_BROADCASTING,link02,413.621,962.0,1960.0,644.0,644.0,5.0,-1141799.6554619665
cges,link,HierarchicalClustering,1,c2,NO_BROADCASTING,link03,427.955,987.0,2024.0,692.0,692.0,6.0,-1143733.4141397867
cges,link,HierarchicalClustering,1,c2,NO_BROADCASTING,link04,419.19,967.0,1976.0,670.0,670.0,5.0,-1136835.048538122
cges,link,HierarchicalClustering,1,c2,NO_BROADCASTING,link05,464.364,952.0,1938.0,676.0,676.0,6.0,-1140464.417277376
cges,link,HierarchicalClustering,1,c2,NO_BROADCASTING,link06,426.544,979.0,1996.0,678.0,678.0,6.0,-1140026.121585102
cges,link,HierarchicalClustering,1,c2,NO_BROADCASTING,link07,422.958,929.0,1904.0,600.0,600.0,5.0,-1136673.9702109275
cges,link,HierarchicalClustering,1,c2,NO_BROADCASTING,link08,414.7,1005.0,2082.0,730.0,730.0,6.0,-1154964.9811219007
cges,link,HierarchicalClustering,1,c2,NO_BROADCASTING,link09,405.991,925.0,1866.0,582.0,582.0,6.0,-1129933.8504797688
cges,link,HierarchicalClustering,1,c2,NO_BROADCASTING,link10,452.233,921.0,1878.0,598.0,598.0,6.0,-1128579.9759764282
cges,link,HierarchicalClustering,1,c2,NO_BROADCASTING,link_ALL,535.446,668.0,1368.0,436.0,436.0,5.0,-1.1847254569155417E7
cges,link,HierarchicalClustering,1,c2,PAIR_BROADCASTING,link00,408.086,898.0,1830.0,556.0,556.0,6.0,-1125675.1968383125
cges,link,HierarchicalClustering,1,c2,PAIR_BROADCASTING,link01,399.665,976.0,2038.0,696.0,696.0,5.0,-1150963.9822840565
cges,link,HierarchicalClustering,1,c2,PAIR_BROADCASTING,link02,439.933,962.0,1960.0,644.0,644.0,5.0,-1141799.6554619668
cges,link,HierarchicalClustering,1,c2,PAIR_BROADCASTING,link03,439.586,987.0,2024.0,692.0,692.0,6.0,-1143733.4141397867
cges,link,HierarchicalClustering,1,c2,PAIR_BROADCASTING,link04,417.498,967.0,1976.0,670.0,670.0,5.0,-1136835.048538122
cges,link,HierarchicalClustering,1,c2,PAIR_BROADCASTING,link05,445.564,952.0,1938.0,676.0,676.0,6.0,-1140464.417277376
cges,link,HierarchicalClustering,1,c2,PAIR_BROADCASTING,link06,429.011,979.0,1996.0,678.0,678.0,6.0,-1140026.121585102
cges,link,HierarchicalClustering,1,c2,PAIR_BROADCASTING,link07,406.218,929.0,1904.0,600.0,600.0,5.0,-1136673.9702109275
cges,link,HierarchicalClustering,1,c2,PAIR_BROADCASTING,link08,429.71,1005.0,2082.0,730.0,730.0,6.0,-1154964.9811219007
cges,link,HierarchicalClustering,1,c2,PAIR_BROADCASTING,link09,429.071,925.0,1866.0,582.0,582.0,6.0,-1129933.8504797688
cges,link,HierarchicalClustering,1,c2,PAIR_BROADCASTING,link10,406.192,921.0,1878.0,598.0,598.0,6.0,-1128579.9759764282
cges,link,HierarchicalClustering,1,c2,PAIR_BROADCASTING,link_ALL,549.732,668.0,1368.0,436.0,436.0,5.0,-1.1847254569155417E7
cges,link,HierarchicalClustering,2,c2,ALL_BROADCASTING,link00,200.263,914.0,1872.0,658.0,658.0,7.0,-1129593.8972196584
cges,link,HierarchicalClustering,2,c2,ALL_BROADCASTING,link01,207.872,842.0,1740.0,618.0,618.0,8.0,-1135744.3847859267
cges,link,HierarchicalClustering,2,c2,ALL_BROADCASTING,link02,217.131,960.0,1970.0,686.0,686.0,9.0,-1142476.9669801262
cges,link,HierarchicalClustering,2,c2,ALL_BROADCASTING,link03,237.839,1001.0,2096.0,816.0,816.0,9.0,-1147766.7334185862
cges,link,HierarchicalClustering,2,c2,ALL_BROADCASTING,link04,239.853,926.0,1900.0,692.0,692.0,8.0,-1137353.604559129
cges,link,HierarchicalClustering,2,c2,ALL_BROADCASTING,link05,208.245,962.0,1976.0,722.0,722.0,7.0,-1148107.4703632612
cges,link,HierarchicalClustering,2,c2,ALL_BROADCASTING,link06,252.717,939.0,1928.0,704.0,704.0,12.0,-1140964.9465083177
cges,link,HierarchicalClustering,2,c2,ALL_BROADCASTING,link07,217.91,906.0,1864.0,614.0,614.0,10.0,-1136843.8289797066
cges,link,HierarchicalClustering,2,c2,ALL_BROADCASTING,link08,200.109,966.0,2026.0,742.0,742.0,8.0,-1152470.3314360545
cges,link,HierarchicalClustering,2,c2,ALL_BROADCASTING,link09,222.627,924.0,1878.0,638.0,638.0,9.0,-1130146.0045846105
cges,link,HierarchicalClustering,2,c2,ALL_BROADCASTING,link10,231.088,865.0,1756.0,558.0,558.0,11.0,-1121240.147378301
cges,link,HierarchicalClustering,2,c2,ALL_BROADCASTING,link_ALL,316.271,711.0,1486.0,570.0,570.0,9.0,-1.184959227276519E7
cges,link,HierarchicalClustering,2,c2,NO_BROADCASTING,link00,198.098,914.0,1872.0,658.0,658.0,7.0,-1129593.8972196584
cges,link,HierarchicalClustering,2,c2,NO_BROADCASTING,link01,201.131,842.0,1740.0,618.0,618.0,8.0,-1135744.3847859267
cges,link,HierarchicalClustering,2,c2,NO_BROADCASTING,link02,201.002,960.0,1970.0,686.0,686.0,9.0,-1142476.9669801262
cges,link,HierarchicalClustering,2,c2,NO_BROADCASTING,link03,214.009,1001.0,2096.0,816.0,816.0,9.0,-1147766.7334185862
cges,link,HierarchicalClustering,2,c2,NO_BROADCASTING,link04,226.568,926.0,1900.0,692.0,692.0,8.0,-1137353.604559129
cges,link,HierarchicalClustering,2,c2,NO_BROADCASTING,link05,205.801,962.0,1976.0,722.0,722.0,7.0,-1148107.4703632612
cges,link,HierarchicalClustering,2,c2,NO_BROADCASTING,link06,218.406,939.0,1928.0,704.0,704.0,12.0,-1140964.9465083177
cges,link,HierarchicalClustering,2,c2,NO_BROADCASTING,link07,191.821,906.0,1864.0,614.0,614.0,10.0,-1136843.8289797066
cges,link,HierarchicalClustering,2,c2,NO_BROADCASTING,link08,202.21,966.0,2026.0,742.0,742.0,8.0,-1152470.3314360545
cges,link,HierarchicalClustering,2,c2,NO_BROADCASTING,link09,201.061,924.0,1878.0,638.0,638.0,8.0,-1130146.0045846105
cges,link,HierarchicalClustering,2,c2,NO_BROADCASTING,link10,202.585,865.0,1756.0,558.0,558.0,11.0,-1121240.147378301
cges,link,HierarchicalClustering,2,c2,NO_BROADCASTING,link_ALL,307.397,711.0,1486.0,570.0,570.0,9.0,-1.184959227276519E7
cges,link,HierarchicalClustering,2,c2,PAIR_BROADCASTING,link00,288.512,1190.0,2742.0,1464.0,1464.0,6.0,-1148585.6817247542
cges,link,HierarchicalClustering,2,c2,PAIR_BROADCASTING,link01,215.769,835.0,1728.0,590.0,590.0,12.0,-1135893.10902682
cges,link,HierarchicalClustering,2,c2,PAIR_BROADCASTING,link02,321.603,934.0,1914.0,626.0,626.0,23.0,-1142577.9117100025
cges,link,HierarchicalClustering,2,c2,PAIR_BROADCASTING,link03,285.37,1204.0,2700.0,1578.0,1578.0,9.0,-1152035.5181027441
cges,link,HierarchicalClustering,2,c2,PAIR_BROADCASTING,link04,229.922,839.0,1740.0,598.0,598.0,16.0,-1136720.4569664462
cges,link,HierarchicalClustering,2,c2,PAIR_BROADCASTING,link05,263.789,930.0,1914.0,690.0,690.0,21.0,-1144549.4238818137
cges,link,HierarchicalClustering,2,c2,PAIR_BROADCASTING,link06,376.47,1105.0,2342.0,992.0,992.0,4.0,-1196743.3311482402
cges,link,HierarchicalClustering,2,c2,PAIR_BROADCASTING,link07,315.173,927.0,1996.0,870.0,870.0,18.0,-1137645.5569830823
cges,link,HierarchicalClustering,2,c2,PAIR_BROADCASTING,link08,206.336,943.0,1986.0,736.0,736.0,12.0,-1152562.8111953873
cges,link,HierarchicalClustering,2,c2,PAIR_BROADCASTING,link09,233.98,849.0,1724.0,568.0,568.0,16.0,-1129886.7251587878
cges,link,HierarchicalClustering,2,c2,PAIR_BROADCASTING,link10,210.069,936.0,1974.0,764.0,764.0,7.0,-1125343.957208089
cges,link,HierarchicalClustering,2,c2,PAIR_BROADCASTING,link_ALL,300.845,873.0,2044.0,1272.0,1272.0,7.0,-1.1848214258986708E7
cges,link,HierarchicalClustering,4,c2,ALL_BROADCASTING,link00,252.267,865.0,1786.0,634.0,634.0,17.0,-1129579.6969065843
cges,link,HierarchicalClustering,4,c2,ALL_BROADCASTING,link01,305.415,999.0,2108.0,866.0,866.0,22.0,-1149977.1477273877
cges,link,HierarchicalClustering,4,c2,ALL_BROADCASTING,link02,363.444,954.0,2008.0,828.0,828.0,24.0,-1146135.5109848306
cges,link,HierarchicalClustering,4,c2,ALL_BROADCASTING,link03,312.332,1019.0,2122.0,824.0,824.0,21.0,-1147114.097227769
cges,link,HierarchicalClustering,4,c2,ALL_BROADCASTING,link04,312.432,864.0,1812.0,702.0,702.0,24.0,-1141731.9367694866
cges,link,HierarchicalClustering,4,c2,ALL_BROADCASTING,link05,291.545,1010.0,2128.0,902.0,902.0,13.0,-1148769.864805893
cges,link,HierarchicalClustering,4,c2,ALL_BROADCASTING,link06,255.593,989.0,2112.0,926.0,926.0,17.0,-1139444.6097840185
cges,link,HierarchicalClustering,4,c2,ALL_BROADCASTING,link07,265.935,1076.0,2288.0,968.0,968.0,11.0,-1165062.23304884
cges,link,HierarchicalClustering,4,c2,ALL_BROADCASTING,link08,279.903,995.0,2078.0,768.0,768.0,20.0,-1156850.999024617
cges,link,HierarchicalClustering,4,c2,ALL_BROADCASTING,link09,239.773,1003.0,2070.0,882.0,882.0,16.0,-1135167.0111795047
cges,link,HierarchicalClustering,4,c2,ALL_BROADCASTING,link10,268.974,1214.0,2650.0,1564.0,1564.0,15.0,-1123461.4432168277
cges,link,HierarchicalClustering,4,c2,ALL_BROADCASTING,link_ALL,568.87,1677.0,4676.0,3834.0,3834.0,18.0,-1.1903763400924351E7
cges,link,HierarchicalClustering,4,c2,NO_BROADCASTING,link00,134.288,868.0,1790.0,634.0,634.0,12.0,-1126153.1221971097
cges,link,HierarchicalClustering,4,c2,NO_BROADCASTING,link01,162.437,930.0,2016.0,842.0,842.0,16.0,-1136163.2675478908
cges,link,HierarchicalClustering,4,c2,NO_BROADCASTING,link02,148.551,970.0,2042.0,784.0,784.0,14.0,-1149443.1423804692
cges,link,HierarchicalClustering,4,c2,NO_BROADCASTING,link03,138.313,1010.0,2130.0,820.0,820.0,13.0,-1151701.373244327
cges,link,HierarchicalClustering,4,c2,NO_BROADCASTING,link04,123.664,967.0,1988.0,672.0,672.0,12.0,-1140955.1459615203
cges,link,HierarchicalClustering,4,c2,NO_BROADCASTING,link05,155.23,958.0,1976.0,772.0,772.0,15.0,-1144997.054260723
cges,link,HierarchicalClustering,4,c2,NO_BROADCASTING,link06,144.534,958.0,2034.0,824.0,824.0,12.0,-1130691.412335742
cges,link,HierarchicalClustering,4,c2,NO_BROADCASTING,link07,180.584,979.0,2094.0,810.0,810.0,20.0,-1141842.3360324344
cges,link,HierarchicalClustering,4,c2,NO_BROADCASTING,link08,142.458,988.0,2072.0,848.0,848.0,14.0,-1156461.361206631
cges,link,HierarchicalClustering,4,c2,NO_BROADCASTING,link09,149.747,914.0,1940.0,748.0,748.0,14.0,-1138756.7671209178
cges,link,HierarchicalClustering,4,c2,NO_BROADCASTING,link10,182.833,936.0,1928.0,714.0,714.0,15.0,-1129375.127344416
cges,link,HierarchicalClustering,4,c2,NO_BROADCASTING,link_ALL,457.404,1131.0,3988.0,3112.0,3112.0,16.0,-1.1898633699086228E7
cges,link,HierarchicalClustering,4,c2,PAIR_BROADCASTING,link00,225.15,890.0,1858.0,680.0,680.0,12.0,-1131107.518301536
cges,link,HierarchicalClustering,4,c2,PAIR_BROADCASTING,link02,251.728,1042.0,2220.0,954.0,954.0,12.0,-1148841.6070074693
cges,link,HierarchicalClustering,4,c2,PAIR_BROADCASTING,link03,226.914,1288.0,3074.0,1706.0,1706.0,8.0,-1155687.1436983603
cges,link,HierarchicalClustering,4,c2,PAIR_BROADCASTING,link04,483.698,1052.0,2328.0,1208.0,1208.0,19.0,-1152693.8076514886
cges,link,HierarchicalClustering,4,c2,PAIR_BROADCASTING,link05,
cges,link,HierarchicalClustering,4,c2,PAIR_BROADCASTING,link06,217.458,996.0,2368.0,1246.0,1246.0,12.0,-1141327.4534118099
cges,link,HierarchicalClustering,4,c2,PAIR_BROADCASTING,link07,321.724,884.0,1862.0,662.0,662.0,37.0,-1142855.4449231639
cges,link,HierarchicalClustering,4,c2,PAIR_BROADCASTING,link08,441.906,1061.0,2264.0,972.0,972.0,22.0,-1162876.338428788
cges,link,HierarchicalClustering,4,c2,PAIR_BROADCASTING,link09,248.062,912.0,1920.0,820.0,820.0,19.0,-1133299.8315028984
cges,link,HierarchicalClustering,4,c2,PAIR_BROADCASTING,link10,243.112,1101.0,2454.0,854.0,854.0,8.0,-1173944.8760037236
cges,link,HierarchicalClustering,8,c2,ALL_BROADCASTING,link00,398.793,1289.0,2832.0,1698.0,1698.0,15.0,-1153824.0678967598
cges,link,HierarchicalClustering,8,c2,ALL_BROADCASTING,link01,386.981,1301.0,2962.0,1728.0,1728.0,17.0,-1151765.1933439446
cges,link,HierarchicalClustering,8,c2,ALL_BROADCASTING,link02,393.561,1112.0,2398.0,1100.0,1100.0,23.0,-1159103.3505499351
cges,link,HierarchicalClustering,8,c2,ALL_BROADCASTING,link03,267.897,1320.0,3052.0,1822.0,1822.0,13.0,-1167289.6474751523
cges,link,HierarchicalClustering,8,c2,ALL_BROADCASTING,link04,289.558,998.0,2026.0,688.0,688.0,9.0,-1161110.7312307598
cges,link,HierarchicalClustering,8,c2,ALL_BROADCASTING,link05,305.367,1370.0,3280.0,2116.0,2116.0,11.0,-1171136.958613032
cges,link,HierarchicalClustering,8,c2,ALL_BROADCASTING,link06,358.002,1320.0,3132.0,2054.0,2054.0,16.0,-1147168.0631651187
cges,link,HierarchicalClustering,8,c2,ALL_BROADCASTING,link07,367.163,1249.0,2922.0,1778.0,1778.0,16.0,-1143758.4372654073
cges,link,HierarchicalClustering,8,c2,ALL_BROADCASTING,link08,311.474,1150.0,2464.0,1144.0,1144.0,7.0,-1185114.3121293604
cges,link,HierarchicalClustering,8,c2,ALL_BROADCASTING,link09,293.214,1112.0,2332.0,1140.0,1140.0,12.0,-1145883.1074267903
cges,link,HierarchicalClustering,8,c2,ALL_BROADCASTING,link10,664.038,878.0,1802.0,662.0,662.0,22.0,-1117347.6302983724
cges,link,HierarchicalClustering,8,c2,ALL_BROADCASTING,link_ALL,460.731,941.0,2184.0,1256.0,1256.0,15.0,-1.1887383762446497E7
cges,link,HierarchicalClustering,8,c2,NO_BROADCASTING,link00,156.092,864.0,1770.0,592.0,592.0,20.0,-1118747.2325183996
cges,link,HierarchicalClustering,8,c2,NO_BROADCASTING,link01,156.413,926.0,1978.0,686.0,686.0,21.0,-1133494.2779251304
cges,link,HierarchicalClustering,8,c2,NO_BROADCASTING,link02,164.903,979.0,2116.0,932.0,932.0,20.0,-1141415.9098979963
cges,link,HierarchicalClustering,8,c2,NO_BROADCASTING,link03,171.808,1044.0,2238.0,974.0,974.0,23.0,-1158214.4019614812
cges,link,HierarchicalClustering,8,c2,NO_BROADCASTING,link04,169.363,848.0,1766.0,702.0,702.0,20.0,-1124645.0112004487
cges,link,HierarchicalClustering,8,c2,NO_BROADCASTING,link05,158.153,1027.0,2314.0,1096.0,1096.0,19.0,-1152079.1720522398
cges,link,HierarchicalClustering,8,c2,NO_BROADCASTING,link06,167.856,942.0,1950.0,792.0,792.0,21.0,-1123256.9849075095
cges,link,HierarchicalClustering,8,c2,NO_BROADCASTING,link07,255.463,860.0,1776.0,650.0,650.0,35.0,-1128487.7182638713
cges,link,HierarchicalClustering,8,c2,NO_BROADCASTING,link08,145.13,1004.0,2126.0,898.0,898.0,19.0,-1156466.4447945727
cges,link,HierarchicalClustering,8,c2,NO_BROADCASTING,link09,166.927,984.0,2080.0,888.0,888.0,20.0,-1137086.2553967526
cges,link,HierarchicalClustering,8,c2,NO_BROADCASTING,link10,210.773,946.0,1986.0,802.0,802.0,29.0,-1132012.4163906472
cges,link,HierarchicalClustering,8,c2,NO_BROADCASTING,link_ALL,808.526,896.0,2046.0,1104.0,1104.0,19.0,-1.182785219707328E7
cges,link,HierarchicalClustering,8,c2,PAIR_BROADCASTING,link00,343.416,1187.0,2706.0,1556.0,1556.0,12.0,-1164976.0604078253
cges,link,HierarchicalClustering,8,c2,PAIR_BROADCASTING,link01,366.095,1216.0,2812.0,942.0,942.0,9.0,-1225588.2694110535
cges,link,HierarchicalClustering,8,c2,PAIR_BROADCASTING,link03,311.723,1256.0,2784.0,1500.0,1500.0,11.0,-1198083.7680826539
cges,link,HierarchicalClustering,8,c2,PAIR_BROADCASTING,link04,360.587,903.0,1896.0,770.0,770.0,8.0,-1178648.348481089
cges,link,HierarchicalClustering,8,c2,PAIR_BROADCASTING,link05,448.542,1529.0,4648.0,3048.0,3048.0,12.0,-1196439.4020360913
cges,link,HierarchicalClustering,8,c2,PAIR_BROADCASTING,link06,386.567,1404.0,3566.0,2042.0,2042.0,11.0,-1214077.63692043
cges,link,HierarchicalClustering,8,c2,PAIR_BROADCASTING,link07,413.302,1198.0,2778.0,1584.0,1584.0,11.0,-1181840.0613016386
cges,link,HierarchicalClustering,8,c2,PAIR_BROADCASTING,link08,cges,link,HierarchicalClustering,8,c2,PAIR_BROADCASTING
cges,link,HierarchicalClustering,8,c2,PAIR_BROADCASTING,link09,628.241,1319.0,3188.0,2088.0,2088.0,10.0,-1190454.236703018
cges,link,HierarchicalClustering,8,c2,PAIR_BROADCASTING,link_ALL,1303.276,1034.0,2400.0,1426.0,1426.0,11.0,-1.234146630347342E7
cges,munin,HierarchicalClustering,1,c2,ALL_BROADCASTING,munin00,1887.785,1448.0,3196.0,800.0,800.0,5.0,-936178.1285512644
cges,munin,HierarchicalClustering,1,c2,ALL_BROADCASTING,munin01,1536.103,1491.0,3254.0,992.0,992.0,5.0,-935259.5872905988
cges,munin,HierarchicalClustering,1,c2,ALL_BROADCASTING,munin02,1659.904,1428.0,3182.0,742.0,742.0,4.0,-935244.7940789132
cges,munin,HierarchicalClustering,1,c2,ALL_BROADCASTING,munin03,1564.067,1508.0,3238.0,1038.0,1038.0,10.0,-935664.4685436963
cges,munin,HierarchicalClustering,1,c2,ALL_BROADCASTING,munin04,1802.369,1429.0,3018.0,774.0,774.0,5.0,-935418.2752962263
cges,munin,HierarchicalClustering,1,c2,ALL_BROADCASTING,munin05,1592.812,1490.0,3302.0,978.0,978.0,7.0,-930370.6011137762
cges,munin,HierarchicalClustering,1,c2,ALL_BROADCASTING,munin06,1727.74,1462.0,3254.0,742.0,742.0,4.0,-936946.1016853967
cges,munin,HierarchicalClustering,1,c2,ALL_BROADCASTING,munin07,1711.48,1501.0,3308.0,1044.0,1044.0,7.0,-932914.7035732584
cges,munin,HierarchicalClustering,1,c2,ALL_BROADCASTING,munin08,1712.982,1448.0,3174.0,802.0,802.0,4.0,-938029.7630333096
cges,munin,HierarchicalClustering,1,c2,ALL_BROADCASTING,munin09,1694.774,1455.0,3234.0,754.0,754.0,4.0,-929379.1650159173
cges,munin,HierarchicalClustering,1,c2,ALL_BROADCASTING,munin10,1536.935,1416.0,3066.0,918.0,918.0,5.0,-932343.273151535
cges,munin,HierarchicalClustering,1,c2,NO_BROADCASTING,munin00,1860.7,1448.0,3196.0,800.0,800.0,5.0,-936178.1285512644
cges,munin,HierarchicalClustering,1,c2,NO_BROADCASTING,munin01,1555.81,1491.0,3254.0,992.0,992.0,5.0,-935259.5872905988
cges,munin,HierarchicalClustering,1,c2,NO_BROADCASTING,munin02,1708.935,1428.0,3182.0,742.0,742.0,4.0,-935244.7940789132
cges,munin,HierarchicalClustering,1,c2,NO_BROADCASTING,munin03,1554.677,1508.0,3238.0,1038.0,1038.0,10.0,-935664.4685436963
cges,munin,HierarchicalClustering,1,c2,NO_BROADCASTING,munin04,1854.907,1429.0,3018.0,774.0,774.0,5.0,-935418.2752962263
cges,munin,HierarchicalClustering,1,c2,NO_BROADCASTING,munin05,1594.265,1490.0,3302.0,978.0,978.0,7.0,-930370.6011137762
cges,munin,HierarchicalClustering,1,c2,NO_BROADCASTING,munin06,1788.635,1462.0,3254.0,742.0,742.0,4.0,-936946.1016853967
cges,munin,HierarchicalClustering,1,c2,NO_BROADCASTING,munin07,1646.614,1501.0,3308.0,1044.0,1044.0,7.0,-932914.7035732584
cges,munin,HierarchicalClustering,1,c2,NO_BROADCASTING,munin08,1720.664,1448.0,3174.0,802.0,802.0,4.0,-938029.7630333096
cges,munin,HierarchicalClustering,1,c2,NO_BROADCASTING,munin09,1929.12,1451.0,3222.0,750.0,750.0,5.0,-930322.8366808718
cges,munin,HierarchicalClustering,1,c2,NO_BROADCASTING,munin10,1495.05,1416.0,3066.0,918.0,918.0,5.0,-932343.273151535
cges,munin,HierarchicalClustering,1,c2,PAIR_BROADCASTING,munin00,1821.802,1448.0,3196.0,800.0,800.0,5.0,-936178.1285512646
cges,munin,HierarchicalClustering,1,c2,PAIR_BROADCASTING,munin01,1562.724,1491.0,3254.0,992.0,992.0,5.0,-935259.587290599
cges,munin,HierarchicalClustering,1,c2,PAIR_BROADCASTING,munin02,1647.386,1428.0,3182.0,742.0,742.0,4.0,-935244.7940789133
cges,munin,HierarchicalClustering,1,c2,PAIR_BROADCASTING,munin03,1550.418,1508.0,3238.0,1038.0,1038.0,10.0,-935664.4685436963
cges,munin,HierarchicalClustering,1,c2,PAIR_BROADCASTING,munin04,2015.405,1429.0,3018.0,774.0,774.0,6.0,-935418.2752962265
cges,munin,HierarchicalClustering,1,c2,PAIR_BROADCASTING,munin05,1623.945,1490.0,3302.0,978.0,978.0,7.0,-930370.6011137762
cges,munin,HierarchicalClustering,1,c2,PAIR_BROADCASTING,munin06,1798.228,1462.0,3254.0,742.0,742.0,4.0,-936946.1016853967
cges,munin,HierarchicalClustering,1,c2,PAIR_BROADCASTING,munin07,1689.503,1501.0,3308.0,1044.0,1044.0,8.0,-932914.7035732585
cges,munin,HierarchicalClustering,1,c2,PAIR_BROADCASTING,munin08,1709.674,1448.0,3174.0,802.0,802.0,4.0,-938029.7630333096
cges,munin,HierarchicalClustering,1,c2,PAIR_BROADCASTING,munin09,1698.026,1455.0,3234.0,754.0,754.0,4.0,-929379.1650159173
cges,munin,HierarchicalClustering,1,c2,PAIR_BROADCASTING,munin10,1551.86,1416.0,3066.0,918.0,918.0,6.0,-932343.2731515351
cges,munin,HierarchicalClustering,2,c2,ALL_BROADCASTING,munin01,1097.826,1522.0,3246.0,1110.0,1110.0,9.0,-934968.3936155224
cges,munin,HierarchicalClustering,2,c2,ALL_BROADCASTING,munin03,1061.397,1505.0,3276.0,1066.0,1066.0,13.0,-935992.8656640167
cges,munin,HierarchicalClustering,2,c2,ALL_BROADCASTING,munin05,
cges,munin,HierarchicalClustering,2,c2,ALL_BROADCASTING,munin06,900.189,1505.0,3378.0,1036.0,1036.0,8.0,-930331.2772787974
cges,munin,HierarchicalClustering,2,c2,ALL_BROADCASTING,munin08,1263.514,1536.0,3448.0,840.0,840.0,7.0,-942682.8153418269
cges,munin,HierarchicalClustering,2,c2,ALL_BROADCASTING,munin09,
cges,munin,HierarchicalClustering,2,c2,ALL_BROADCASTING,munin10,1647.855,1476.0,3272.0,926.0,926.0,6.0,-935942.4987813683
cges,munin,HierarchicalClustering,2,c2,NO_BROADCASTING,munin01,1430.41,1528.0,3278.0,1052.0,1052.0,9.0,-937065.3948332861
cges,munin,HierarchicalClustering,2,c2,NO_BROADCASTING,munin03,1024.315,1505.0,3276.0,1066.0,1066.0,13.0,-935992.8656640167
cges,munin,HierarchicalClustering,2,c2,NO_BROADCASTING,munin06,815.115,1505.0,3378.0,1036.0,1036.0,8.0,-930331.2772787974
cges,munin,HierarchicalClustering,2,c2,NO_BROADCASTING,munin08,1261.361,1536.0,3448.0,840.0,840.0,7.0,-942682.8153418269
cges,munin,HierarchicalClustering,2,c2,NO_BROADCASTING,munin09,1049.148,1525.0,3390.0,1064.0,1064.0,10.0,-928115.0957470282
cges,munin,HierarchicalClustering,2,c2,NO_BROADCASTING,munin10,921.39,1476.0,3272.0,926.0,926.0,6.0,-935942.4987813683
cges,munin,HierarchicalClustering,2,c2,PAIR_BROADCASTING,munin00,1346.501,1533.0,3438.0,1020.0,1020.0,12.0,-937317.9223461004
cges,munin,HierarchicalClustering,2,c2,PAIR_BROADCASTING,munin02,854.186,1559.0,3392.0,1146.0,1146.0,10.0,-934708.1481872668
cges,munin,HierarchicalClustering,2,c2,PAIR_BROADCASTING,munin03,1090.274,1535.0,3398.0,1118.0,1118.0,19.0,-937546.3267557779
cges,munin,HierarchicalClustering,2,c2,PAIR_BROADCASTING,munin04,758.032,1541.0,3376.0,1130.0,1130.0,10.0,-934825.8132127
cges,munin,HierarchicalClustering,2,c2,PAIR_BROADCASTING,munin05,1194.445,1569.0,3550.0,1096.0,1096.0,12.0,-933881.3320849517
cges,munin,HierarchicalClustering,2,c2,PAIR_BROADCASTING,munin07,1430.031,1535.0,3364.0,1014.0,1014.0,12.0,-937766.5504225023
cges,munin,HierarchicalClustering,2,c2,PAIR_BROADCASTING,munin08,2003.438,1560.0,3386.0,1042.0,1042.0,16.0,-938644.5937815249
cges,munin,HierarchicalClustering,2,c2,PAIR_BROADCASTING,munin09,690.045,1558.0,3458.0,1134.0,1134.0,9.0,-928893.6447225421
cges,munin,HierarchicalClustering,2,c2,PAIR_BROADCASTING,munin10,716.203,1470.0,3210.0,1060.0,1060.0,10.0,-933596.0011422439
cges,munin,HierarchicalClustering,4,c2,ALL_BROADCASTING,munin01,
cges,munin,HierarchicalClustering,4,c2,ALL_BROADCASTING,munin02,
cges,munin,HierarchicalClustering,4,c2,NO_BROADCASTING,munin01,
cges,munin,HierarchicalClustering,4,c2,NO_BROADCASTING,munin02,
cges,munin,HierarchicalClustering,4,c2,NO_BROADCASTING,munin03,
cges,munin,HierarchicalClustering,4,c2,NO_BROADCASTING,munin04,
cges,munin,HierarchicalClustering,4,c2,NO_BROADCASTING,munin07,
cges,munin,HierarchicalClustering,4,c2,NO_BROADCASTING,munin08,676.001,1569.0,3506.0,960.0,960.0,9.0,-942502.7550397109
cges,munin,HierarchicalClustering,4,c2,NO_BROADCASTING,munin09,
cges,munin,HierarchicalClustering,4,c2,PAIR_BROADCASTING,munin01,841.272,1597.0,3414.0,1116.0,1116.0,17.0,-937279.9441780285
cges,munin,HierarchicalClustering,4,c2,PAIR_BROADCASTING,munin02,1110.411,1658.0,3640.0,1314.0,1314.0,19.0,-936409.6409033452
cges,munin,HierarchicalClustering,4,c2,PAIR_BROADCASTING,munin04,701.311,1672.0,3762.0,1248.0,1248.0,16.0,-942151.8928786322
cges,munin,HierarchicalClustering,4,c2,PAIR_BROADCASTING,munin05,1091.817,1649.0,3680.0,1182.0,1182.0,22.0,-936176.9156922891
cges,munin,HierarchicalClustering,4,c2,PAIR_BROADCASTING,munin06,1217.048,1652.0,3720.0,1182.0,1182.0,25.0,-935444.7495093216
cges,munin,HierarchicalClustering,4,c2,PAIR_BROADCASTING,munin08,1349.076,1676.0,3714.0,1098.0,1098.0,21.0,-944567.1885082639
cges,munin,HierarchicalClustering,4,c2,PAIR_BROADCASTING,munin09,934.691,1639.0,3694.0,1206.0,1206.0,19.0,-932559.4774541794
cges,munin,HierarchicalClustering,8,c2,ALL_BROADCASTING,munin00,
cges,munin,HierarchicalClustering,8,c2,ALL_BROADCASTING,munin07,
cges,munin,HierarchicalClustering,8,c2,NO_BROADCASTING,munin01,
cges,munin,HierarchicalClustering,8,c2,NO_BROADCASTING,munin03,
cges,munin,HierarchicalClustering,8,c2,NO_BROADCASTING,munin06,
cges,munin,HierarchicalClustering,8,c2,NO_BROADCASTING,munin08,
cges,munin,HierarchicalClustering,8,c2,PAIR_BROADCASTING,munin02,
cges,munin,HierarchicalClustering,8,c2,PAIR_BROADCASTING,munin05,1814.346,1559.0,3478.0,1116.0,1116.0,40.0,-936368.6718481607
cges,munin,HierarchicalClustering,8,c2,PAIR_BROADCASTING,munin09,
cges,pigs,HierarchicalClustering,1,c2,ALL_BROADCASTING,pigs00,68.997,0.0,0.0,0.0,0.0,4.0,-1673766.7635783982
cges,pigs,HierarchicalClustering,1,c2,ALL_BROADCASTING,pigs01,70.517,0.0,0.0,0.0,0.0,4.0,-1672862.8337663016
cges,pigs,HierarchicalClustering,1,c2,ALL_BROADCASTING,pigs02,82.06,0.0,0.0,0.0,0.0,4.0,-1674311.6987925328
cges,pigs,HierarchicalClustering,1,c2,ALL_BROADCASTING,pigs03,75.285,0.0,0.0,0.0,0.0,4.0,-1675404.877764935
cges,pigs,HierarchicalClustering,1,c2,ALL_BROADCASTING,pigs04,77.224,0.0,0.0,0.0,0.0,4.0,-1675946.8368636218
cges,pigs,HierarchicalClustering,1,c2,ALL_BROADCASTING,pigs05,86.638,0.0,0.0,0.0,0.0,4.0,-1676267.3230144675
cges,pigs,HierarchicalClustering,1,c2,ALL_BROADCASTING,pigs06,74.845,0.0,0.0,0.0,0.0,4.0,-1674789.5458293168
cges,pigs,HierarchicalClustering,1,c2,ALL_BROADCASTING,pigs07,69.604,0.0,0.0,0.0,0.0,4.0,-1675064.0159439556
cges,pigs,HierarchicalClustering,1,c2,ALL_BROADCASTING,pigs08,81.337,0.0,0.0,0.0,0.0,4.0,-1676948.5367278014
cges,pigs,HierarchicalClustering,1,c2,ALL_BROADCASTING,pigs09,71.239,0.0,0.0,0.0,0.0,4.0,-1674822.4981279897
cges,pigs,HierarchicalClustering,1,c2,ALL_BROADCASTING,pigs10,77.064,0.0,0.0,0.0,0.0,4.0,-1674757.2366382969
cges,pigs,HierarchicalClustering,1,c2,ALL_BROADCASTING,pigs_ALL,105.221,0.0,0.0,0.0,0.0,4.0,-1.824261651513647E7
cges,pigs,HierarchicalClustering,1,c2,NO_BROADCASTING,pigs00,76.389,0.0,0.0,0.0,0.0,4.0,-1673766.7635783982
cges,pigs,HierarchicalClustering,1,c2,NO_BROADCASTING,pigs01,68.647,0.0,0.0,0.0,0.0,4.0,-1672862.8337663016
cges,pigs,HierarchicalClustering,1,c2,NO_BROADCASTING,pigs02,76.663,0.0,0.0,0.0,0.0,4.0,-1674311.6987925328
cges,pigs,HierarchicalClustering,1,c2,NO_BROADCASTING,pigs03,74.135,0.0,0.0,0.0,0.0,4.0,-1675404.877764935
cges,pigs,HierarchicalClustering,1,c2,NO_BROADCASTING,pigs04,72.636,0.0,0.0,0.0,0.0,4.0,-1675946.8368636218
cges,pigs,HierarchicalClustering,1,c2,NO_BROADCASTING,pigs05,78.13,0.0,0.0,0.0,0.0,4.0,-1676267.3230144675
cges,pigs,HierarchicalClustering,1,c2,NO_BROADCASTING,pigs06,79.866,0.0,0.0,0.0,0.0,4.0,-1674789.5458293168
cges,pigs,HierarchicalClustering,1,c2,NO_BROADCASTING,pigs07,68.255,0.0,0.0,0.0,0.0,4.0,-1675064.0159439556
cges,pigs,HierarchicalClustering,1,c2,NO_BROADCASTING,pigs08,78.445,0.0,0.0,0.0,0.0,4.0,-1676948.5367278014
cges,pigs,HierarchicalClustering,1,c2,NO_BROADCASTING,pigs09,76.96,0.0,0.0,0.0,0.0,4.0,-1674822.4981279897
cges,pigs,HierarchicalClustering,1,c2,NO_BROADCASTING,pigs10,76.399,0.0,0.0,0.0,0.0,4.0,-1674757.2366382969
cges,pigs,HierarchicalClustering,1,c2,NO_BROADCASTING,pigs_ALL,93.966,0.0,0.0,0.0,0.0,4.0,-1.824261651513647E7
cges,pigs,HierarchicalClustering,1,c2,PAIR_BROADCASTING,pigs00,72.445,0.0,0.0,0.0,0.0,4.0,-1673766.7635783982
cges,pigs,HierarchicalClustering,1,c2,PAIR_BROADCASTING,pigs01,79.059,0.0,0.0,0.0,0.0,4.0,-1672862.8337663016
cges,pigs,HierarchicalClustering,1,c2,PAIR_BROADCASTING,pigs02,76.757,0.0,0.0,0.0,0.0,4.0,-1674311.6987925328
cges,pigs,HierarchicalClustering,1,c2,PAIR_BROADCASTING,pigs03,74.942,0.0,0.0,0.0,0.0,4.0,-1675404.877764935
cges,pigs,HierarchicalClustering,1,c2,PAIR_BROADCASTING,pigs04,74.038,0.0,0.0,0.0,0.0,4.0,-1675946.8368636218
cges,pigs,HierarchicalClustering,1,c2,PAIR_BROADCASTING,pigs05,81.56,0.0,0.0,0.0,0.0,4.0,-1676267.3230144675
cges,pigs,HierarchicalClustering,1,c2,PAIR_BROADCASTING,pigs06,73.044,0.0,0.0,0.0,0.0,4.0,-1674789.5458293168
cges,pigs,HierarchicalClustering,1,c2,PAIR_BROADCASTING,pigs07,76.551,0.0,0.0,0.0,0.0,4.0,-1675064.0159439556
cges,pigs,HierarchicalClustering,1,c2,PAIR_BROADCASTING,pigs08,76.938,0.0,0.0,0.0,0.0,4.0,-1676948.5367278014
cges,pigs,HierarchicalClustering,1,c2,PAIR_BROADCASTING,pigs09,69.384,0.0,0.0,0.0,0.0,4.0,-1674822.4981279897
cges,pigs,HierarchicalClustering,1,c2,PAIR_BROADCASTING,pigs10,76.861,0.0,0.0,0.0,0.0,4.0,-1674757.2366382969
cges,pigs,HierarchicalClustering,1,c2,PAIR_BROADCASTING,pigs_ALL,110.912,0.0,0.0,0.0,0.0,4.0,-1.824261651513647E7
cges,pigs,HierarchicalClustering,2,c2,ALL_BROADCASTING,pigs00,45.37,4.0,16.0,16.0,16.0,7.0,-1674267.4500865797
cges,pigs,HierarchicalClustering,2,c2,ALL_BROADCASTING,pigs01,51.08,4.0,14.0,14.0,14.0,8.0,-1673557.1999654179
cges,pigs,HierarchicalClustering,2,c2,ALL_BROADCASTING,pigs02,43.881,0.0,0.0,0.0,0.0,9.0,-1674417.2593854044
cges,pigs,HierarchicalClustering,2,c2,ALL_BROADCASTING,pigs03,50.665,0.0,0.0,0.0,0.0,7.0,-1675534.5789077403
cges,pigs,HierarchicalClustering,2,c2,ALL_BROADCASTING,pigs04,48.633,0.0,0.0,0.0,0.0,9.0,-1676132.3111721228
cges,pigs,HierarchicalClustering,2,c2,ALL_BROADCASTING,pigs05,49.926,0.0,0.0,0.0,0.0,10.0,-1676448.1546391111
cges,pigs,HierarchicalClustering,2,c2,ALL_BROADCASTING,pigs06,41.479,2.0,8.0,8.0,8.0,7.0,-1675063.7704507767
cges,pigs,HierarchicalClustering,2,c2,ALL_BROADCASTING,pigs07,45.517,0.0,0.0,0.0,0.0,10.0,-1675330.0507610266
cges,pigs,HierarchicalClustering,2,c2,ALL_BROADCASTING,pigs08,43.689,0.0,0.0,0.0,0.0,8.0,-1677109.1303648788
cges,pigs,HierarchicalClustering,2,c2,ALL_BROADCASTING,pigs09,52.626,0.0,0.0,0.0,0.0,8.0,-1675007.3443394247
cges,pigs,HierarchicalClustering,2,c2,ALL_BROADCASTING,pigs10,46.012,8.0,26.0,26.0,26.0,7.0,-1675648.392735273
cges,pigs,HierarchicalClustering,2,c2,ALL_BROADCASTING,pigs_ALL,71.265,0.0,0.0,0.0,0.0,7.0,-1.824287672335876E7
cges,pigs,HierarchicalClustering,2,c2,NO_BROADCASTING,pigs00,44.431,4.0,16.0,16.0,16.0,7.0,-1674267.4500865797
cges,pigs,HierarchicalClustering,2,c2,NO_BROADCASTING,pigs01,45.917,4.0,14.0,14.0,14.0,8.0,-1673557.1999654179
cges,pigs,HierarchicalClustering,2,c2,NO_BROADCASTING,pigs02,41.768,0.0,0.0,0.0,0.0,9.0,-1674417.2593854044
cges,pigs,HierarchicalClustering,2,c2,NO_BROADCASTING,pigs03,46.503,0.0,0.0,0.0,0.0,7.0,-1675534.5789077403
cges,pigs,HierarchicalClustering,2,c2,NO_BROADCASTING,pigs04,43.891,0.0,0.0,0.0,0.0,9.0,-1676132.3111721228
cges,pigs,HierarchicalClustering,2,c2,NO_BROADCASTING,pigs05,44.548,0.0,0.0,0.0,0.0,10.0,-1676448.1546391111
cges,pigs,HierarchicalClustering,2,c2,NO_BROADCASTING,pigs06,39.156,2.0,8.0,8.0,8.0,7.0,-1675063.7704507767
cges,pigs,HierarchicalClustering,2,c2,NO_BROADCASTING,pigs07,40.148,4.0,12.0,12.0,12.0,9.0,-1675594.4457302627
cges,pigs,HierarchicalClustering,2,c2,NO_BROADCASTING,pigs08,38.964,0.0,0.0,0.0,0.0,8.0,-1677109.1303648788
cges,pigs,HierarchicalClustering,2,c2,NO_BROADCASTING,pigs09,50.047,0.0,0.0,0.0,0.0,8.0,-1675007.3443394247
cges,pigs,HierarchicalClustering,2,c2,NO_BROADCASTING,pigs10,43.298,8.0,26.0,26.0,26.0,7.0,-1675648.392735273
cges,pigs,HierarchicalClustering,2,c2,NO_BROADCASTING,pigs_ALL,71.407,0.0,0.0,0.0,0.0,7.0,-1.824287672335876E7
cges,pigs,HierarchicalClustering,2,c2,PAIR_BROADCASTING,pigs00,43.872,6.0,12.0,12.0,12.0,7.0,-1674546.478960877
cges,pigs,HierarchicalClustering,2,c2,PAIR_BROADCASTING,pigs01,48.923,0.0,0.0,0.0,0.0,10.0,-1673315.1900348298
cges,pigs,HierarchicalClustering,2,c2,PAIR_BROADCASTING,pigs02,42.023,40.0,104.0,96.0,96.0,8.0,-1679464.963341915
cges,pigs,HierarchicalClustering,2,c2,PAIR_BROADCASTING,pigs03,46.977,0.0,0.0,0.0,0.0,8.0,-1675586.5342685853
cges,pigs,HierarchicalClustering,2,c2,PAIR_BROADCASTING,pigs04,45.597,3.0,8.0,8.0,8.0,11.0,-1677066.957975593
cges,pigs,HierarchicalClustering,2,c2,PAIR_BROADCASTING,pigs05,44.103,12.0,34.0,32.0,32.0,9.0,-1677816.2432322893
cges,pigs,HierarchicalClustering,2,c2,PAIR_BROADCASTING,pigs06,43.751,3.0,8.0,6.0,6.0,11.0,-1675588.8381130926
cges,pigs,HierarchicalClustering,2,c2,PAIR_BROADCASTING,pigs07,35.398,4.0,12.0,12.0,12.0,7.0,-1675505.1458661894
cges,pigs,HierarchicalClustering,2,c2,PAIR_BROADCASTING,pigs08,39.039,7.0,18.0,14.0,14.0,7.0,-1678119.0079634662
cges,pigs,HierarchicalClustering,2,c2,PAIR_BROADCASTING,pigs09,47.256,0.0,0.0,0.0,0.0,8.0,-1675114.7200129766
cges,pigs,HierarchicalClustering,2,c2,PAIR_BROADCASTING,pigs10,46.505,8.0,26.0,26.0,26.0,8.0,-1675723.853414543
cges,pigs,HierarchicalClustering,2,c2,PAIR_BROADCASTING,pigs_ALL,86.031,17.0,46.0,44.0,44.0,13.0,-1.824731075805268E7
cges,pigs,HierarchicalClustering,4,c2,ALL_BROADCASTING,pigs00,53.558,0.0,0.0,0.0,0.0,15.0,-1674057.8157735516
cges,pigs,HierarchicalClustering,4,c2,ALL_BROADCASTING,pigs01,44.472,6.0,14.0,10.0,10.0,11.0,-1674402.8083053592
cges,pigs,HierarchicalClustering,4,c2,ALL_BROADCASTING,pigs02,78.396,19.0,48.0,38.0,38.0,23.0,-1678311.1027431812
cges,pigs,HierarchicalClustering,4,c2,ALL_BROADCASTING,pigs03,53.934,11.0,30.0,28.0,28.0,16.0,-1677267.743720572
cges,pigs,HierarchicalClustering,4,c2,ALL_BROADCASTING,pigs04,57.594,34.0,100.0,90.0,90.0,17.0,-1680084.290090396
cges,pigs,HierarchicalClustering,4,c2,ALL_BROADCASTING,pigs05,101.416,4.0,16.0,16.0,16.0,32.0,-1677282.285585156
cges,pigs,HierarchicalClustering,4,c2,ALL_BROADCASTING,pigs06,59.75,55.0,140.0,138.0,138.0,17.0,-1679916.6710721233
cges,pigs,HierarchicalClustering,4,c2,ALL_BROADCASTING,pigs07,60.696,4.0,16.0,16.0,16.0,17.0,-1675734.1918132377
cges,pigs,HierarchicalClustering,4,c2,ALL_BROADCASTING,pigs08,50.046,3.0,8.0,8.0,8.0,14.0,-1677850.6587643824
cges,pigs,HierarchicalClustering,4,c2,ALL_BROADCASTING,pigs09,43.848,6.0,12.0,8.0,8.0,12.0,-1676910.3862261756
cges,pigs,HierarchicalClustering,4,c2,ALL_BROADCASTING,pigs10,67.976,12.0,34.0,30.0,30.0,21.0,-1676973.7796145084
cges,pigs,HierarchicalClustering,4,c2,ALL_BROADCASTING,pigs_ALL,133.112,1.0,4.0,4.0,4.0,23.0,-1.824351803435596E7
cges,pigs,HierarchicalClustering,4,c2,NO_BROADCASTING,pigs00,34.138,0.0,0.0,0.0,0.0,14.0,-1674248.3219631664
cges,pigs,HierarchicalClustering,4,c2,NO_BROADCASTING,pigs01,29.282,0.0,0.0,0.0,0.0,10.0,-1673072.5643932817
cges,pigs,HierarchicalClustering,4,c2,NO_BROADCASTING,pigs02,34.822,13.0,52.0,52.0,52.0,15.0,-1675705.698767508
cges,pigs,HierarchicalClustering,4,c2,NO_BROADCASTING,pigs03,28.528,4.0,16.0,16.0,16.0,11.0,-1676009.5863330886
cges,pigs,HierarchicalClustering,4,c2,NO_BROADCASTING,pigs04,37.702,7.0,28.0,28.0,28.0,17.0,-1676933.9090211124
cges,pigs,HierarchicalClustering,4,c2,NO_BROADCASTING,pigs05,29.44,1.0,4.0,4.0,4.0,11.0,-1676776.6687718292
cges,pigs,HierarchicalClustering,4,c2,NO_BROADCASTING,pigs06,27.054,11.0,34.0,32.0,32.0,10.0,-1676011.1041376435
cges,pigs,HierarchicalClustering,4,c2,NO_BROADCASTING,pigs07,28.456,1.0,4.0,4.0,4.0,11.0,-1675337.5463063212
cges,pigs,HierarchicalClustering,4,c2,NO_BROADCASTING,pigs08,29.429,4.0,16.0,16.0,16.0,11.0,-1677477.7163221058
cges,pigs,HierarchicalClustering,4,c2,NO_BROADCASTING,pigs09,35.065,3.0,8.0,8.0,8.0,15.0,-1675918.8593104456
cges,pigs,HierarchicalClustering,4,c2,NO_BROADCASTING,pigs10,26.493,0.0,0.0,0.0,0.0,9.0,-1674836.9389806504
cges,pigs,HierarchicalClustering,4,c2,NO_BROADCASTING,pigs_ALL,62.648,0.0,0.0,0.0,0.0,11.0,-1.8242847183643643E7
cges,pigs,HierarchicalClustering,4,c2,PAIR_BROADCASTING,pigs00,50.045,6.0,18.0,16.0,16.0,22.0,-1674862.1924393026
cges,pigs,HierarchicalClustering,4,c2,PAIR_BROADCASTING,pigs01,35.54,0.0,0.0,0.0,0.0,12.0,-1673385.87883527
cges,pigs,HierarchicalClustering,4,c2,PAIR_BROADCASTING,pigs02,68.399,7.0,28.0,28.0,28.0,33.0,-1675597.893894892
cges,pigs,HierarchicalClustering,4,c2,PAIR_BROADCASTING,pigs03,26.524,16.0,46.0,42.0,42.0,9.0,-1677486.3116577477
cges,pigs,HierarchicalClustering,4,c2,PAIR_BROADCASTING,pigs04,43.217,2.0,8.0,8.0,8.0,19.0,-1676852.888658215
cges,pigs,HierarchicalClustering,4,c2,PAIR_BROADCASTING,pigs05,55.394,5.0,20.0,20.0,20.0,25.0,-1677406.0235202946
cges,pigs,HierarchicalClustering,4,c2,PAIR_BROADCASTING,pigs06,37.452,7.0,22.0,22.0,22.0,16.0,-1675840.6208667418
cges,pigs,HierarchicalClustering,4,c2,PAIR_BROADCASTING,pigs07,58.825,9.0,30.0,30.0,30.0,28.0,-1676383.7584019832
cges,pigs,HierarchicalClustering,4,c2,PAIR_BROADCASTING,pigs08,32.711,4.0,16.0,16.0,16.0,11.0,-1677814.8199181797
cges,pigs,HierarchicalClustering,4,c2,PAIR_BROADCASTING,pigs09,49.74,10.0,26.0,26.0,26.0,20.0,-1676375.6491540805
cges,pigs,HierarchicalClustering,4,c2,PAIR_BROADCASTING,pigs10,28.67,7.0,30.0,30.0,30.0,9.0,-1675922.6410336022
cges,pigs,HierarchicalClustering,4,c2,PAIR_BROADCASTING,pigs_ALL,131.053,3.0,12.0,12.0,12.0,23.0,-1.8243824419053063E7
cges,pigs,HierarchicalClustering,8,c2,ALL_BROADCASTING,pigs00,144.793,8.0,24.0,24.0,24.0,31.0,-1675574.8619706396
cges,pigs,HierarchicalClustering,8,c2,ALL_BROADCASTING,pigs02,136.985,24.0,68.0,60.0,60.0,29.0,-1677948.1262762088
cges,pigs,HierarchicalClustering,8,c2,ALL_BROADCASTING,pigs03,93.599,28.0,82.0,74.0,74.0,21.0,-1679541.3005211772
cges,pigs,HierarchicalClustering,8,c2,ALL_BROADCASTING,pigs04,38.912,34.0,90.0,76.0,76.0,9.0,-1690273.8216354118
cges,pigs,HierarchicalClustering,8,c2,ALL_BROADCASTING,pigs05,96.703,39.0,92.0,82.0,82.0,22.0,-1683041.7399510283
cges,pigs,HierarchicalClustering,8,c2,ALL_BROADCASTING,pigs06,177.53,38.0,90.0,72.0,72.0,41.0,-1681708.4246777256
cges,pigs,HierarchicalClustering,8,c2,ALL_BROADCASTING,pigs07,141.322,11.0,38.0,38.0,38.0,23.0,-1676860.51548899
cges,pigs,HierarchicalClustering,8,c2,ALL_BROADCASTING,pigs08,91.154,5.0,14.0,12.0,12.0,22.0,-1677974.5357591114
cges,pigs,HierarchicalClustering,8,c2,ALL_BROADCASTING,pigs09,208.797,48.0,116.0,100.0,100.0,40.0,-1684074.2600575907
cges,pigs,HierarchicalClustering,8,c2,ALL_BROADCASTING,pigs10,172.392,12.0,42.0,42.0,42.0,39.0,-1676498.0555734443
cges,pigs,HierarchicalClustering,8,c2,ALL_BROADCASTING,pigs_ALL,216.592,0.0,0.0,0.0,0.0,31.0,-1.8243784461785227E7
cges,pigs,HierarchicalClustering,8,c2,NO_BROADCASTING,pigs00,47.379,0.0,0.0,0.0,0.0,27.0,-1674344.2677983656
cges,pigs,HierarchicalClustering,8,c2,NO_BROADCASTING,pigs01,33.099,0.0,0.0,0.0,0.0,18.0,-1673151.6987987761
cges,pigs,HierarchicalClustering,8,c2,NO_BROADCASTING,pigs02,38.035,7.0,28.0,28.0,28.0,20.0,-1675390.1000408055
cges,pigs,HierarchicalClustering,8,c2,NO_BROADCASTING,pigs03,37.786,4.0,16.0,16.0,16.0,20.0,-1676084.7964405387
cges,pigs,HierarchicalClustering,8,c2,NO_BROADCASTING,pigs04,33.499,11.0,44.0,44.0,44.0,17.0,-1677321.1576056574
cges,pigs,HierarchicalClustering,8,c2,NO_BROADCASTING,pigs05,37.043,4.0,16.0,16.0,16.0,19.0,-1676997.9811577885
cges,pigs,HierarchicalClustering,8,c2,NO_BROADCASTING,pigs06,39.074,3.0,6.0,6.0,6.0,20.0,-1675392.5256381882
cges,pigs,HierarchicalClustering,8,c2,NO_BROADCASTING,pigs07,28.754,4.0,12.0,12.0,12.0,13.0,-1676231.241520619
cges,pigs,HierarchicalClustering,8,c2,NO_BROADCASTING,pigs08,38.761,9.0,34.0,34.0,34.0,20.0,-1678130.7205815695
cges,pigs,HierarchicalClustering,8,c2,NO_BROADCASTING,pigs09,36.081,17.0,56.0,54.0,54.0,18.0,-1677204.9048846727
cges,pigs,HierarchicalClustering,8,c2,NO_BROADCASTING,pigs10,35.913,11.0,38.0,36.0,36.0,19.0,-1676110.987135883
cges,pigs,HierarchicalClustering,8,c2,NO_BROADCASTING,pigs_ALL,78.276,1.0,4.0,4.0,4.0,15.0,-1.8243035233577967E7
cges,pigs,HierarchicalClustering,8,c2,PAIR_BROADCASTING,pigs00,149.083,16.0,52.0,52.0,52.0,32.0,-1676209.3469797373
cges,pigs,HierarchicalClustering,8,c2,PAIR_BROADCASTING,pigs01,152.6,10.0,40.0,40.0,40.0,33.0,-1674672.5569767605
cges,pigs,HierarchicalClustering,8,c2,PAIR_BROADCASTING,pigs02,129.273,11.0,40.0,40.0,40.0,26.0,-1676371.4805767452
cges,pigs,HierarchicalClustering,8,c2,PAIR_BROADCASTING,pigs03,83.274,4.0,16.0,16.0,16.0,20.0,-1676569.3825287805
cges,pigs,HierarchicalClustering,8,c2,PAIR_BROADCASTING,pigs04,241.934,13.0,46.0,46.0,46.0,51.0,-1677997.4320156164
cges,pigs,HierarchicalClustering,8,c2,PAIR_BROADCASTING,pigs05,151.894,13.0,38.0,34.0,34.0,32.0,-1678538.0445026301
cges,pigs,HierarchicalClustering,8,c2,PAIR_BROADCASTING,pigs06,117.346,9.0,30.0,30.0,30.0,26.0,-1676418.636738187
cges,pigs,HierarchicalClustering,8,c2,PAIR_BROADCASTING,pigs07,133.149,1.0,4.0,4.0,4.0,31.0,-1675910.6715516448
cges,pigs,HierarchicalClustering,8,c2,PAIR_BROADCASTING,pigs08,202.342,11.0,44.0,44.0,44.0,42.0,-1678883.0919978025
cges,pigs,HierarchicalClustering,8,c2,PAIR_BROADCASTING,pigs09,233.387,7.0,20.0,18.0,18.0,48.0,-1676545.1957360078
cges,pigs,HierarchicalClustering,8,c2,PAIR_BROADCASTING,pigs10,238.54,9.0,32.0,32.0,32.0,50.0,-1676508.8495540319
cges,pigs,HierarchicalClustering,8,c2,PAIR_BROADCASTING,pigs_ALL,240.097,1.0,4.0,4.0,4.0,35.0,-1.8244026883932754E7
